cohort_id,panel_id,category,count,iid,rank_convention,organism,antimicrobial,source_doi,source_location,metadata_basis,panel_basis
minor-2020-Escherichia-coli-Goats-AMP,CMV5AGNF-AMP,<=1,1,false,ceiling,2020-Escherichia-coli-Goats,AMP,FDA NARMS 2020-2022 minor species,https://www.fda.gov/media/183419/download?attachment=; frozen cohort minor-2020-Escherichia-coli-Goats-AMP,Observed categories; ceiling summaries derived by reporting-audit,Dessai et al. 2024 p.22; manufacturer CMV5AGNF layout
minor-2020-Escherichia-coli-Goats-AMP,CMV5AGNF-AMP,2,11,false,ceiling,2020-Escherichia-coli-Goats,AMP,FDA NARMS 2020-2022 minor species,https://www.fda.gov/media/183419/download?attachment=; frozen cohort minor-2020-Escherichia-coli-Goats-AMP,Observed categories; ceiling summaries derived by reporting-audit,Dessai et al. 2024 p.22; manufacturer CMV5AGNF layout
minor-2020-Escherichia-coli-Goats-AMP,CMV5AGNF-AMP,4,27,false,ceiling,2020-Escherichia-coli-Goats,AMP,FDA NARMS 2020-2022 minor species,https://www.fda.gov/media/183419/download?attachment=; frozen cohort minor-2020-Escherichia-coli-Goats-AMP,Observed categories; ceiling summaries derived by reporting-audit,Dessai et al. 2024 p.22; manufacturer CMV5AGNF layout
minor-2020-Escherichia-coli-Goats-AMP,CMV5AGNF-AMP,8,0,false,ceiling,2020-Escherichia-coli-Goats,AMP,FDA NARMS 2020-2022 minor species,https://www.fda.gov/media/183419/download?attachment=; frozen cohort minor-2020-Escherichia-coli-Goats-AMP,Observed categories; ceiling summaries derived by reporting-audit,Dessai et al. 2024 p.22; manufacturer CMV5AGNF layout
minor-2020-Escherichia-coli-Goats-AMP,CMV5AGNF-AMP,16,0,false,ceiling,2020-Escherichia-coli-Goats,AMP,FDA NARMS 2020-2022 minor species,https://www.fda.gov/media/183419/download?attachment=; frozen cohort minor-2020-Escherichia-coli-Goats-AMP,Observed categories; ceiling summaries derived by reporting-audit,Dessai et al. 2024 p.22; manufacturer CMV5AGNF layout
minor-2020-Escherichia-coli-Goats-AMP,CMV5AGNF-AMP,32,0,false,ceiling,2020-Escherichia-coli-Goats,AMP,FDA NARMS 2020-2022 minor species,https://www.fda.gov/media/183419/download?attachment=; frozen cohort minor-2020-Escherichia-coli-Goats-AMP,Observed categories; ceiling summaries derived by reporting-audit,Dessai et al. 2024 p.22; manufacturer CMV5AGNF layout
minor-2020-Escherichia-coli-Goats-AMP,CMV5AGNF-AMP,>32,0,false,ceiling,2020-Escherichia-coli-Goats,AMP,FDA NARMS 2020-2022 minor species,https://www.fda.gov/media/183419/download?attachment=; frozen cohort minor-2020-Escherichia-coli-Goats-AMP,Observed categories; ceiling summaries derived by reporting-audit,Dessai et al. 2024 p.22; manufacturer CMV5AGNF layout
minor-2020-Escherichia-coli-Goats-AXO,CMV5AGNF-AXO,<=0.25,39,false,ceiling,2020-Escherichia-coli-Goats,AXO,FDA NARMS 2020-2022 minor species,https://www.fda.gov/media/183419/download?attachment=; frozen cohort minor-2020-Escherichia-coli-Goats-AXO,Observed categories; ceiling summaries derived by reporting-audit,Dessai et al. 2024 p.22; manufacturer CMV5AGNF layout
minor-2020-Escherichia-coli-Goats-AXO,CMV5AGNF-AXO,0.5,0,false,ceiling,2020-Escherichia-coli-Goats,AXO,FDA NARMS 2020-2022 minor species,https://www.fda.gov/media/183419/download?attachment=; frozen cohort minor-2020-Escherichia-coli-Goats-AXO,Observed categories; ceiling summaries derived by reporting-audit,Dessai et al. 2024 p.22; manufacturer CMV5AGNF layout
minor-2020-Escherichia-coli-Goats-AXO,CMV5AGNF-AXO,1,0,false,ceiling,2020-Escherichia-coli-Goats,AXO,FDA NARMS 2020-2022 minor species,https://www.fda.gov/media/183419/download?attachment=; frozen cohort minor-2020-Escherichia-coli-Goats-AXO,Observed categories; ceiling summaries derived by reporting-audit,Dessai et al. 2024 p.22; manufacturer CMV5AGNF layout
minor-2020-Escherichia-coli-Goats-AXO,CMV5AGNF-AXO,2,0,false,ceiling,2020-Escherichia-coli-Goats,AXO,FDA NARMS 2020-2022 minor species,https://www.fda.gov/media/183419/download?attachment=; frozen cohort minor-2020-Escherichia-coli-Goats-AXO,Observed categories; ceiling summaries derived by reporting-audit,Dessai et al. 2024 p.22; manufacturer CMV5AGNF layout
minor-2020-Escherichia-coli-Goats-AXO,CMV5AGNF-AXO,4,0,false,ceiling,2020-Escherichia-coli-Goats,AXO,FDA NARMS 2020-2022 minor species,https://www.fda.gov/media/183419/download?attachment=; frozen cohort minor-2020-Escherichia-coli-Goats-AXO,Observed categories; ceiling summaries derived by reporting-audit,Dessai et al. 2024 p.22; manufacturer CMV5AGNF layout
minor-2020-Escherichia-coli-Goats-AXO,CMV5AGNF-AXO,8,0,false,ceiling,2020-Escherichia-coli-Goats,AXO,FDA NARMS 2020-2022 minor species,https://www.fda.gov/media/183419/download?attachment=; frozen cohort minor-2020-Escherichia-coli-Goats-AXO,Observed categories; ceiling summaries derived by reporting-audit,Dessai et al. 2024 p.22; manufacturer CMV5AGNF layout
minor-2020-Escherichia-coli-Goats-AXO,CMV5AGNF-AXO,16,0,false,ceiling,2020-Escherichia-coli-Goats,AXO,FDA NARMS 2020-2022 minor species,https://www.fda.gov/media/183419/download?attachment=; frozen cohort minor-2020-Escherichia-coli-Goats-AXO,Observed categories; ceiling summaries derived by reporting-audit,Dessai et al. 2024 p.22; manufacturer CMV5AGNF layout
minor-2020-Escherichia-coli-Goats-AXO,CMV5AGNF-AXO,32,0,false,ceiling,2020-Escherichia-coli-Goats,AXO,FDA NARMS 2020-2022 minor species,https://www.fda.gov/media/183419/download?attachment=; frozen cohort minor-2020-Escherichia-coli-Goats-AXO,Observed categories; ceiling summaries derived by reporting-audit,Dessai et al. 2024 p.22; manufacturer CMV5AGNF layout
minor-2020-Escherichia-coli-Goats-AXO,CMV5AGNF-AXO,64,0,false,ceiling,2020-Escherichia-coli-Goats,AXO,FDA NARMS 2020-2022 minor species,https://www.fda.gov/media/183419/download?attachment=; frozen cohort minor-2020-Escherichia-coli-Goats-AXO,Observed categories; ceiling summaries derived by reporting-audit,Dessai et al. 2024 p.22; manufacturer CMV5AGNF layout
minor-2020-Escherichia-coli-Goats-AXO,CMV5AGNF-AXO,>64,0,false,ceiling,2020-Escherichia-coli-Goats,AXO,FDA NARMS 2020-2022 minor species,https://www.fda.gov/media/183419/download?attachment=; frozen cohort minor-2020-Escherichia-coli-Goats-AXO,Observed categories; ceiling summaries derived by reporting-audit,Dessai et al. 2024 p.22; manufacturer CMV5AGNF layout
minor-2020-Escherichia-coli-Goats-AZI,CMV5AGNF-AZI,<=0.25,0,false,ceiling,2020-Escherichia-coli-Goats,AZI,FDA NARMS 2020-2022 minor species,https://www.fda.gov/media/183419/download?attachment=; frozen cohort minor-2020-Escherichia-coli-Goats-AZI,Observed categories; ceiling summaries derived by reporting-audit,Dessai et al. 2024 p.22; manufacturer CMV5AGNF layout
minor-2020-Escherichia-coli-Goats-AZI,CMV5AGNF-AZI,0.5,0,false,ceiling,2020-Escherichia-coli-Goats,AZI,FDA NARMS 2020-2022 minor species,https://www.fda.gov/media/183419/download?attachment=; frozen cohort minor-2020-Escherichia-coli-Goats-AZI,Observed categories; ceiling summaries derived by reporting-audit,Dessai et al. 2024 p.22; manufacturer CMV5AGNF layout
minor-2020-Escherichia-coli-Goats-AZI,CMV5AGNF-AZI,1,1,false,ceiling,2020-Escherichia-coli-Goats,AZI,FDA NARMS 2020-2022 minor species,https://www.fda.gov/media/183419/download?attachment=; frozen cohort minor-2020-Escherichia-coli-Goats-AZI,Observed categories; ceiling summaries derived by reporting-audit,Dessai et al. 2024 p.22; manufacturer CMV5AGNF layout
minor-2020-Escherichia-coli-Goats-AZI,CMV5AGNF-AZI,2,4,false,ceiling,2020-Escherichia-coli-Goats,AZI,FDA NARMS 2020-2022 minor species,https://www.fda.gov/media/183419/download?attachment=; frozen cohort minor-2020-Escherichia-coli-Goats-AZI,Observed categories; ceiling summaries derived by reporting-audit,Dessai et al. 2024 p.22; manufacturer CMV5AGNF layout
minor-2020-Escherichia-coli-Goats-AZI,CMV5AGNF-AZI,4,28,false,ceiling,2020-Escherichia-coli-Goats,AZI,FDA NARMS 2020-2022 minor species,https://www.fda.gov/media/183419/download?attachment=; frozen cohort minor-2020-Escherichia-coli-Goats-AZI,Observed categories; ceiling summaries derived by reporting-audit,Dessai et al. 2024 p.22; manufacturer CMV5AGNF layout
minor-2020-Escherichia-coli-Goats-AZI,CMV5AGNF-AZI,8,6,false,ceiling,2020-Escherichia-coli-Goats,AZI,FDA NARMS 2020-2022 minor species,https://www.fda.gov/media/183419/download?attachment=; frozen cohort minor-2020-Escherichia-coli-Goats-AZI,Observed categories; ceiling summaries derived by reporting-audit,Dessai et al. 2024 p.22; manufacturer CMV5AGNF layout
minor-2020-Escherichia-coli-Goats-AZI,CMV5AGNF-AZI,16,0,false,ceiling,2020-Escherichia-coli-Goats,AZI,FDA NARMS 2020-2022 minor species,https://www.fda.gov/media/183419/download?attachment=; frozen cohort minor-2020-Escherichia-coli-Goats-AZI,Observed categories; ceiling summaries derived by reporting-audit,Dessai et al. 2024 p.22; manufacturer CMV5AGNF layout
minor-2020-Escherichia-coli-Goats-AZI,CMV5AGNF-AZI,32,0,false,ceiling,2020-Escherichia-coli-Goats,AZI,FDA NARMS 2020-2022 minor species,https://www.fda.gov/media/183419/download?attachment=; frozen cohort minor-2020-Escherichia-coli-Goats-AZI,Observed categories; ceiling summaries derived by reporting-audit,Dessai et al. 2024 p.22; manufacturer CMV5AGNF layout
minor-2020-Escherichia-coli-Goats-AZI,CMV5AGNF-AZI,64,0,false,ceiling,2020-Escherichia-coli-Goats,AZI,FDA NARMS 2020-2022 minor species,https://www.fda.gov/media/183419/download?attachment=; frozen cohort minor-2020-Escherichia-coli-Goats-AZI,Observed categories; ceiling summaries derived by reporting-audit,Dessai et al. 2024 p.22; manufacturer CMV5AGNF layout
minor-2020-Escherichia-coli-Goats-AZI,CMV5AGNF-AZI,>64,0,false,ceiling,2020-Escherichia-coli-Goats,AZI,FDA NARMS 2020-2022 minor species,https://www.fda.gov/media/183419/download?attachment=; frozen cohort minor-2020-Escherichia-coli-Goats-AZI,Observed categories; ceiling summaries derived by reporting-audit,Dessai et al. 2024 p.22; manufacturer CMV5AGNF layout
minor-2020-Escherichia-coli-Goats-CHL,CMV5AGNF-CHL,<=2,3,false,ceiling,2020-Escherichia-coli-Goats,CHL,FDA NARMS 2020-2022 minor species,https://www.fda.gov/media/183419/download?attachment=; frozen cohort minor-2020-Escherichia-coli-Goats-CHL,Observed categories; ceiling summaries derived by reporting-audit,Dessai et al. 2024 p.22; manufacturer CMV5AGNF layout
minor-2020-Escherichia-coli-Goats-CHL,CMV5AGNF-CHL,4,20,false,ceiling,2020-Escherichia-coli-Goats,CHL,FDA NARMS 2020-2022 minor species,https://www.fda.gov/media/183419/download?attachment=; frozen cohort minor-2020-Escherichia-coli-Goats-CHL,Observed categories; ceiling summaries derived by reporting-audit,Dessai et al. 2024 p.22; manufacturer CMV5AGNF layout
minor-2020-Escherichia-coli-Goats-CHL,CMV5AGNF-CHL,8,13,false,ceiling,2020-Escherichia-coli-Goats,CHL,FDA NARMS 2020-2022 minor species,https://www.fda.gov/media/183419/download?attachment=; frozen cohort minor-2020-Escherichia-coli-Goats-CHL,Observed categories; ceiling summaries derived by reporting-audit,Dessai et al. 2024 p.22; manufacturer CMV5AGNF layout
minor-2020-Escherichia-coli-Goats-CHL,CMV5AGNF-CHL,16,2,false,ceiling,2020-Escherichia-coli-Goats,CHL,FDA NARMS 2020-2022 minor species,https://www.fda.gov/media/183419/download?attachment=; frozen cohort minor-2020-Escherichia-coli-Goats-CHL,Observed categories; ceiling summaries derived by reporting-audit,Dessai et al. 2024 p.22; manufacturer CMV5AGNF layout
minor-2020-Escherichia-coli-Goats-CHL,CMV5AGNF-CHL,32,0,false,ceiling,2020-Escherichia-coli-Goats,CHL,FDA NARMS 2020-2022 minor species,https://www.fda.gov/media/183419/download?attachment=; frozen cohort minor-2020-Escherichia-coli-Goats-CHL,Observed categories; ceiling summaries derived by reporting-audit,Dessai et al. 2024 p.22; manufacturer CMV5AGNF layout
minor-2020-Escherichia-coli-Goats-CHL,CMV5AGNF-CHL,>32,1,false,ceiling,2020-Escherichia-coli-Goats,CHL,FDA NARMS 2020-2022 minor species,https://www.fda.gov/media/183419/download?attachment=; frozen cohort minor-2020-Escherichia-coli-Goats-CHL,Observed categories; ceiling summaries derived by reporting-audit,Dessai et al. 2024 p.22; manufacturer CMV5AGNF layout
minor-2020-Escherichia-coli-Goats-COL,CMV5AGNF-COL,<=0.25,38,false,ceiling,2020-Escherichia-coli-Goats,COL,FDA NARMS 2020-2022 minor species,https://www.fda.gov/media/183419/download?attachment=; frozen cohort minor-2020-Escherichia-coli-Goats-COL,Observed categories; ceiling summaries derived by reporting-audit,Dessai et al. 2024 p.22; manufacturer CMV5AGNF layout
minor-2020-Escherichia-coli-Goats-COL,CMV5AGNF-COL,0.5,1,false,ceiling,2020-Escherichia-coli-Goats,COL,FDA NARMS 2020-2022 minor species,https://www.fda.gov/media/183419/download?attachment=; frozen cohort minor-2020-Escherichia-coli-Goats-COL,Observed categories; ceiling summaries derived by reporting-audit,Dessai et al. 2024 p.22; manufacturer CMV5AGNF layout
minor-2020-Escherichia-coli-Goats-COL,CMV5AGNF-COL,1,0,false,ceiling,2020-Escherichia-coli-Goats,COL,FDA NARMS 2020-2022 minor species,https://www.fda.gov/media/183419/download?attachment=; frozen cohort minor-2020-Escherichia-coli-Goats-COL,Observed categories; ceiling summaries derived by reporting-audit,Dessai et al. 2024 p.22; manufacturer CMV5AGNF layout
minor-2020-Escherichia-coli-Goats-COL,CMV5AGNF-COL,2,0,false,ceiling,2020-Escherichia-coli-Goats,COL,FDA NARMS 2020-2022 minor species,https://www.fda.gov/media/183419/download?attachment=; frozen cohort minor-2020-Escherichia-coli-Goats-COL,Observed categories; ceiling summaries derived by reporting-audit,Dessai et al. 2024 p.22; manufacturer CMV5AGNF layout
minor-2020-Escherichia-coli-Goats-COL,CMV5AGNF-COL,4,0,false,ceiling,2020-Escherichia-coli-Goats,COL,FDA NARMS 2020-2022 minor species,https://www.fda.gov/media/183419/download?attachment=; frozen cohort minor-2020-Escherichia-coli-Goats-COL,Observed categories; ceiling summaries derived by reporting-audit,Dessai et al. 2024 p.22; manufacturer CMV5AGNF layout
minor-2020-Escherichia-coli-Goats-COL,CMV5AGNF-COL,8,0,false,ceiling,2020-Escherichia-coli-Goats,COL,FDA NARMS 2020-2022 minor species,https://www.fda.gov/media/183419/download?attachment=; frozen cohort minor-2020-Escherichia-coli-Goats-COL,Observed categories; ceiling summaries derived by reporting-audit,Dessai et al. 2024 p.22; manufacturer CMV5AGNF layout
minor-2020-Escherichia-coli-Goats-COL,CMV5AGNF-COL,>8,0,false,ceiling,2020-Escherichia-coli-Goats,COL,FDA NARMS 2020-2022 minor species,https://www.fda.gov/media/183419/download?attachment=; frozen cohort minor-2020-Escherichia-coli-Goats-COL,Observed categories; ceiling summaries derived by reporting-audit,Dessai et al. 2024 p.22; manufacturer CMV5AGNF layout
minor-2020-Escherichia-coli-Goats-FIS,CMV5AGNF-FIS,<=16,30,false,ceiling,2020-Escherichia-coli-Goats,FIS,FDA NARMS 2020-2022 minor species,https://www.fda.gov/media/183419/download?attachment=; frozen cohort minor-2020-Escherichia-coli-Goats-FIS,Observed categories; ceiling summaries derived by reporting-audit,Dessai et al. 2024 p.22; manufacturer CMV5AGNF layout
minor-2020-Escherichia-coli-Goats-FIS,CMV5AGNF-FIS,32,4,false,ceiling,2020-Escherichia-coli-Goats,FIS,FDA NARMS 2020-2022 minor species,https://www.fda.gov/media/183419/download?attachment=; frozen cohort minor-2020-Escherichia-coli-Goats-FIS,Observed categories; ceiling summaries derived by reporting-audit,Dessai et al. 2024 p.22; manufacturer CMV5AGNF layout
minor-2020-Escherichia-coli-Goats-FIS,CMV5AGNF-FIS,64,0,false,ceiling,2020-Escherichia-coli-Goats,FIS,FDA NARMS 2020-2022 minor species,https://www.fda.gov/media/183419/download?attachment=; frozen cohort minor-2020-Escherichia-coli-Goats-FIS,Observed categories; ceiling summaries derived by reporting-audit,Dessai et al. 2024 p.22; manufacturer CMV5AGNF layout
minor-2020-Escherichia-coli-Goats-FIS,CMV5AGNF-FIS,128,0,false,ceiling,2020-Escherichia-coli-Goats,FIS,FDA NARMS 2020-2022 minor species,https://www.fda.gov/media/183419/download?attachment=; frozen cohort minor-2020-Escherichia-coli-Goats-FIS,Observed categories; ceiling summaries derived by reporting-audit,Dessai et al. 2024 p.22; manufacturer CMV5AGNF layout
minor-2020-Escherichia-coli-Goats-FIS,CMV5AGNF-FIS,256,0,false,ceiling,2020-Escherichia-coli-Goats,FIS,FDA NARMS 2020-2022 minor species,https://www.fda.gov/media/183419/download?attachment=; frozen cohort minor-2020-Escherichia-coli-Goats-FIS,Observed categories; ceiling summaries derived by reporting-audit,Dessai et al. 2024 p.22; manufacturer CMV5AGNF layout
minor-2020-Escherichia-coli-Goats-FIS,CMV5AGNF-FIS,>256,5,false,ceiling,2020-Escherichia-coli-Goats,FIS,FDA NARMS 2020-2022 minor species,https://www.fda.gov/media/183419/download?attachment=; frozen cohort minor-2020-Escherichia-coli-Goats-FIS,Observed categories; ceiling summaries derived by reporting-audit,Dessai et al. 2024 p.22; manufacturer CMV5AGNF layout
minor-2020-Escherichia-coli-Goats-FOX,CMV5AGNF-FOX,<=1,0,false,ceiling,2020-Escherichia-coli-Goats,FOX,FDA NARMS 2020-2022 minor species,https://www.fda.gov/media/183419/download?attachment=; frozen cohort minor-2020-Escherichia-coli-Goats-FOX,Observed categories; ceiling summaries derived by reporting-audit,Dessai et al. 2024 p.22; manufacturer CMV5AGNF layout
minor-2020-Escherichia-coli-Goats-FOX,CMV5AGNF-FOX,2,4,false,ceiling,2020-Escherichia-coli-Goats,FOX,FDA NARMS 2020-2022 minor species,https://www.fda.gov/media/183419/download?attachment=; frozen cohort minor-2020-Escherichia-coli-Goats-FOX,Observed categories; ceiling summaries derived by reporting-audit,Dessai et al. 2024 p.22; manufacturer CMV5AGNF layout
minor-2020-Escherichia-coli-Goats-FOX,CMV5AGNF-FOX,4,15,false,ceiling,2020-Escherichia-coli-Goats,FOX,FDA NARMS 2020-2022 minor species,https://www.fda.gov/media/183419/download?attachment=; frozen cohort minor-2020-Escherichia-coli-Goats-FOX,Observed categories; ceiling summaries derived by reporting-audit,Dessai et al. 2024 p.22; manufacturer CMV5AGNF layout
minor-2020-Escherichia-coli-Goats-FOX,CMV5AGNF-FOX,8,20,false,ceiling,2020-Escherichia-coli-Goats,FOX,FDA NARMS 2020-2022 minor species,https://www.fda.gov/media/183419/download?attachment=; frozen cohort minor-2020-Escherichia-coli-Goats-FOX,Observed categories; ceiling summaries derived by reporting-audit,Dessai et al. 2024 p.22; manufacturer CMV5AGNF layout
minor-2020-Escherichia-coli-Goats-FOX,CMV5AGNF-FOX,16,0,false,ceiling,2020-Escherichia-coli-Goats,FOX,FDA NARMS 2020-2022 minor species,https://www.fda.gov/media/183419/download?attachment=; frozen cohort minor-2020-Escherichia-coli-Goats-FOX,Observed categories; ceiling summaries derived by reporting-audit,Dessai et al. 2024 p.22; manufacturer CMV5AGNF layout
minor-2020-Escherichia-coli-Goats-FOX,CMV5AGNF-FOX,32,0,false,ceiling,2020-Escherichia-coli-Goats,FOX,FDA NARMS 2020-2022 minor species,https://www.fda.gov/media/183419/download?attachment=; frozen cohort minor-2020-Escherichia-coli-Goats-FOX,Observed categories; ceiling summaries derived by reporting-audit,Dessai et al. 2024 p.22; manufacturer CMV5AGNF layout
minor-2020-Escherichia-coli-Goats-FOX,CMV5AGNF-FOX,>32,0,false,ceiling,2020-Escherichia-coli-Goats,FOX,FDA NARMS 2020-2022 minor species,https://www.fda.gov/media/183419/download?attachment=; frozen cohort minor-2020-Escherichia-coli-Goats-FOX,Observed categories; ceiling summaries derived by reporting-audit,Dessai et al. 2024 p.22; manufacturer CMV5AGNF layout
minor-2020-Escherichia-coli-Goats-GEN,CMV5AGNF-GEN,<=0.25,1,false,ceiling,2020-Escherichia-coli-Goats,GEN,FDA NARMS 2020-2022 minor species,https://www.fda.gov/media/183419/download?attachment=; frozen cohort minor-2020-Escherichia-coli-Goats-GEN,Observed categories; ceiling summaries derived by reporting-audit,Dessai et al. 2024 p.22; manufacturer CMV5AGNF layout
minor-2020-Escherichia-coli-Goats-GEN,CMV5AGNF-GEN,0.5,20,false,ceiling,2020-Escherichia-coli-Goats,GEN,FDA NARMS 2020-2022 minor species,https://www.fda.gov/media/183419/download?attachment=; frozen cohort minor-2020-Escherichia-coli-Goats-GEN,Observed categories; ceiling summaries derived by reporting-audit,Dessai et al. 2024 p.22; manufacturer CMV5AGNF layout
minor-2020-Escherichia-coli-Goats-GEN,CMV5AGNF-GEN,1,16,false,ceiling,2020-Escherichia-coli-Goats,GEN,FDA NARMS 2020-2022 minor species,https://www.fda.gov/media/183419/download?attachment=; frozen cohort minor-2020-Escherichia-coli-Goats-GEN,Observed categories; ceiling summaries derived by reporting-audit,Dessai et al. 2024 p.22; manufacturer CMV5AGNF layout
minor-2020-Escherichia-coli-Goats-GEN,CMV5AGNF-GEN,2,2,false,ceiling,2020-Escherichia-coli-Goats,GEN,FDA NARMS 2020-2022 minor species,https://www.fda.gov/media/183419/download?attachment=; frozen cohort minor-2020-Escherichia-coli-Goats-GEN,Observed categories; ceiling summaries derived by reporting-audit,Dessai et al. 2024 p.22; manufacturer CMV5AGNF layout
minor-2020-Escherichia-coli-Goats-GEN,CMV5AGNF-GEN,4,0,false,ceiling,2020-Escherichia-coli-Goats,GEN,FDA NARMS 2020-2022 minor species,https://www.fda.gov/media/183419/download?attachment=; frozen cohort minor-2020-Escherichia-coli-Goats-GEN,Observed categories; ceiling summaries derived by reporting-audit,Dessai et al. 2024 p.22; manufacturer CMV5AGNF layout
minor-2020-Escherichia-coli-Goats-GEN,CMV5AGNF-GEN,8,0,false,ceiling,2020-Escherichia-coli-Goats,GEN,FDA NARMS 2020-2022 minor species,https://www.fda.gov/media/183419/download?attachment=; frozen cohort minor-2020-Escherichia-coli-Goats-GEN,Observed categories; ceiling summaries derived by reporting-audit,Dessai et al. 2024 p.22; manufacturer CMV5AGNF layout
minor-2020-Escherichia-coli-Goats-GEN,CMV5AGNF-GEN,16,0,false,ceiling,2020-Escherichia-coli-Goats,GEN,FDA NARMS 2020-2022 minor species,https://www.fda.gov/media/183419/download?attachment=; frozen cohort minor-2020-Escherichia-coli-Goats-GEN,Observed categories; ceiling summaries derived by reporting-audit,Dessai et al. 2024 p.22; manufacturer CMV5AGNF layout
minor-2020-Escherichia-coli-Goats-GEN,CMV5AGNF-GEN,>16,0,false,ceiling,2020-Escherichia-coli-Goats,GEN,FDA NARMS 2020-2022 minor species,https://www.fda.gov/media/183419/download?attachment=; frozen cohort minor-2020-Escherichia-coli-Goats-GEN,Observed categories; ceiling summaries derived by reporting-audit,Dessai et al. 2024 p.22; manufacturer CMV5AGNF layout
minor-2020-Escherichia-coli-Goats-TET,CMV5AGNF-TET,<=4,29,false,ceiling,2020-Escherichia-coli-Goats,TET,FDA NARMS 2020-2022 minor species,https://www.fda.gov/media/183419/download?attachment=; frozen cohort minor-2020-Escherichia-coli-Goats-TET,Observed categories; ceiling summaries derived by reporting-audit,Dessai et al. 2024 p.22; manufacturer CMV5AGNF layout
minor-2020-Escherichia-coli-Goats-TET,CMV5AGNF-TET,8,0,false,ceiling,2020-Escherichia-coli-Goats,TET,FDA NARMS 2020-2022 minor species,https://www.fda.gov/media/183419/download?attachment=; frozen cohort minor-2020-Escherichia-coli-Goats-TET,Observed categories; ceiling summaries derived by reporting-audit,Dessai et al. 2024 p.22; manufacturer CMV5AGNF layout
minor-2020-Escherichia-coli-Goats-TET,CMV5AGNF-TET,16,0,false,ceiling,2020-Escherichia-coli-Goats,TET,FDA NARMS 2020-2022 minor species,https://www.fda.gov/media/183419/download?attachment=; frozen cohort minor-2020-Escherichia-coli-Goats-TET,Observed categories; ceiling summaries derived by reporting-audit,Dessai et al. 2024 p.22; manufacturer CMV5AGNF layout
minor-2020-Escherichia-coli-Goats-TET,CMV5AGNF-TET,32,2,false,ceiling,2020-Escherichia-coli-Goats,TET,FDA NARMS 2020-2022 minor species,https://www.fda.gov/media/183419/download?attachment=; frozen cohort minor-2020-Escherichia-coli-Goats-TET,Observed categories; ceiling summaries derived by reporting-audit,Dessai et al. 2024 p.22; manufacturer CMV5AGNF layout
minor-2020-Escherichia-coli-Goats-TET,CMV5AGNF-TET,>32,8,false,ceiling,2020-Escherichia-coli-Goats,TET,FDA NARMS 2020-2022 minor species,https://www.fda.gov/media/183419/download?attachment=; frozen cohort minor-2020-Escherichia-coli-Goats-TET,Observed categories; ceiling summaries derived by reporting-audit,Dessai et al. 2024 p.22; manufacturer CMV5AGNF layout
minor-2020-Escherichia-coli-Lambs-AMP,CMV5AGNF-AMP,<=1,6,false,ceiling,2020-Escherichia-coli-Lambs,AMP,FDA NARMS 2020-2022 minor species,https://www.fda.gov/media/183419/download?attachment=; frozen cohort minor-2020-Escherichia-coli-Lambs-AMP,Observed categories; ceiling summaries derived by reporting-audit,Dessai et al. 2024 p.22; manufacturer CMV5AGNF layout
minor-2020-Escherichia-coli-Lambs-AMP,CMV5AGNF-AMP,2,19,false,ceiling,2020-Escherichia-coli-Lambs,AMP,FDA NARMS 2020-2022 minor species,https://www.fda.gov/media/183419/download?attachment=; frozen cohort minor-2020-Escherichia-coli-Lambs-AMP,Observed categories; ceiling summaries derived by reporting-audit,Dessai et al. 2024 p.22; manufacturer CMV5AGNF layout
minor-2020-Escherichia-coli-Lambs-AMP,CMV5AGNF-AMP,4,19,false,ceiling,2020-Escherichia-coli-Lambs,AMP,FDA NARMS 2020-2022 minor species,https://www.fda.gov/media/183419/download?attachment=; frozen cohort minor-2020-Escherichia-coli-Lambs-AMP,Observed categories; ceiling summaries derived by reporting-audit,Dessai et al. 2024 p.22; manufacturer CMV5AGNF layout
minor-2020-Escherichia-coli-Lambs-AMP,CMV5AGNF-AMP,8,2,false,ceiling,2020-Escherichia-coli-Lambs,AMP,FDA NARMS 2020-2022 minor species,https://www.fda.gov/media/183419/download?attachment=; frozen cohort minor-2020-Escherichia-coli-Lambs-AMP,Observed categories; ceiling summaries derived by reporting-audit,Dessai et al. 2024 p.22; manufacturer CMV5AGNF layout
minor-2020-Escherichia-coli-Lambs-AMP,CMV5AGNF-AMP,16,0,false,ceiling,2020-Escherichia-coli-Lambs,AMP,FDA NARMS 2020-2022 minor species,https://www.fda.gov/media/183419/download?attachment=; frozen cohort minor-2020-Escherichia-coli-Lambs-AMP,Observed categories; ceiling summaries derived by reporting-audit,Dessai et al. 2024 p.22; manufacturer CMV5AGNF layout
minor-2020-Escherichia-coli-Lambs-AMP,CMV5AGNF-AMP,32,0,false,ceiling,2020-Escherichia-coli-Lambs,AMP,FDA NARMS 2020-2022 minor species,https://www.fda.gov/media/183419/download?attachment=; frozen cohort minor-2020-Escherichia-coli-Lambs-AMP,Observed categories; ceiling summaries derived by reporting-audit,Dessai et al. 2024 p.22; manufacturer CMV5AGNF layout
minor-2020-Escherichia-coli-Lambs-AMP,CMV5AGNF-AMP,>32,3,false,ceiling,2020-Escherichia-coli-Lambs,AMP,FDA NARMS 2020-2022 minor species,https://www.fda.gov/media/183419/download?attachment=; frozen cohort minor-2020-Escherichia-coli-Lambs-AMP,Observed categories; ceiling summaries derived by reporting-audit,Dessai et al. 2024 p.22; manufacturer CMV5AGNF layout
minor-2020-Escherichia-coli-Lambs-AXO,CMV5AGNF-AXO,<=0.25,47,false,ceiling,2020-Escherichia-coli-Lambs,AXO,FDA NARMS 2020-2022 minor species,https://www.fda.gov/media/183419/download?attachment=; frozen cohort minor-2020-Escherichia-coli-Lambs-AXO,Observed categories; ceiling summaries derived by reporting-audit,Dessai et al. 2024 p.22; manufacturer CMV5AGNF layout
minor-2020-Escherichia-coli-Lambs-AXO,CMV5AGNF-AXO,0.5,1,false,ceiling,2020-Escherichia-coli-Lambs,AXO,FDA NARMS 2020-2022 minor species,https://www.fda.gov/media/183419/download?attachment=; frozen cohort minor-2020-Escherichia-coli-Lambs-AXO,Observed categories; ceiling summaries derived by reporting-audit,Dessai et al. 2024 p.22; manufacturer CMV5AGNF layout
minor-2020-Escherichia-coli-Lambs-AXO,CMV5AGNF-AXO,1,0,false,ceiling,2020-Escherichia-coli-Lambs,AXO,FDA NARMS 2020-2022 minor species,https://www.fda.gov/media/183419/download?attachment=; frozen cohort minor-2020-Escherichia-coli-Lambs-AXO,Observed categories; ceiling summaries derived by reporting-audit,Dessai et al. 2024 p.22; manufacturer CMV5AGNF layout
minor-2020-Escherichia-coli-Lambs-AXO,CMV5AGNF-AXO,2,0,false,ceiling,2020-Escherichia-coli-Lambs,AXO,FDA NARMS 2020-2022 minor species,https://www.fda.gov/media/183419/download?attachment=; frozen cohort minor-2020-Escherichia-coli-Lambs-AXO,Observed categories; ceiling summaries derived by reporting-audit,Dessai et al. 2024 p.22; manufacturer CMV5AGNF layout
minor-2020-Escherichia-coli-Lambs-AXO,CMV5AGNF-AXO,4,0,false,ceiling,2020-Escherichia-coli-Lambs,AXO,FDA NARMS 2020-2022 minor species,https://www.fda.gov/media/183419/download?attachment=; frozen cohort minor-2020-Escherichia-coli-Lambs-AXO,Observed categories; ceiling summaries derived by reporting-audit,Dessai et al. 2024 p.22; manufacturer CMV5AGNF layout
minor-2020-Escherichia-coli-Lambs-AXO,CMV5AGNF-AXO,8,1,false,ceiling,2020-Escherichia-coli-Lambs,AXO,FDA NARMS 2020-2022 minor species,https://www.fda.gov/media/183419/download?attachment=; frozen cohort minor-2020-Escherichia-coli-Lambs-AXO,Observed categories; ceiling summaries derived by reporting-audit,Dessai et al. 2024 p.22; manufacturer CMV5AGNF layout
minor-2020-Escherichia-coli-Lambs-AXO,CMV5AGNF-AXO,16,0,false,ceiling,2020-Escherichia-coli-Lambs,AXO,FDA NARMS 2020-2022 minor species,https://www.fda.gov/media/183419/download?attachment=; frozen cohort minor-2020-Escherichia-coli-Lambs-AXO,Observed categories; ceiling summaries derived by reporting-audit,Dessai et al. 2024 p.22; manufacturer CMV5AGNF layout
minor-2020-Escherichia-coli-Lambs-AXO,CMV5AGNF-AXO,32,0,false,ceiling,2020-Escherichia-coli-Lambs,AXO,FDA NARMS 2020-2022 minor species,https://www.fda.gov/media/183419/download?attachment=; frozen cohort minor-2020-Escherichia-coli-Lambs-AXO,Observed categories; ceiling summaries derived by reporting-audit,Dessai et al. 2024 p.22; manufacturer CMV5AGNF layout
minor-2020-Escherichia-coli-Lambs-AXO,CMV5AGNF-AXO,64,0,false,ceiling,2020-Escherichia-coli-Lambs,AXO,FDA NARMS 2020-2022 minor species,https://www.fda.gov/media/183419/download?attachment=; frozen cohort minor-2020-Escherichia-coli-Lambs-AXO,Observed categories; ceiling summaries derived by reporting-audit,Dessai et al. 2024 p.22; manufacturer CMV5AGNF layout
minor-2020-Escherichia-coli-Lambs-AXO,CMV5AGNF-AXO,>64,0,false,ceiling,2020-Escherichia-coli-Lambs,AXO,FDA NARMS 2020-2022 minor species,https://www.fda.gov/media/183419/download?attachment=; frozen cohort minor-2020-Escherichia-coli-Lambs-AXO,Observed categories; ceiling summaries derived by reporting-audit,Dessai et al. 2024 p.22; manufacturer CMV5AGNF layout
minor-2020-Escherichia-coli-Lambs-AZI,CMV5AGNF-AZI,<=0.25,0,false,ceiling,2020-Escherichia-coli-Lambs,AZI,FDA NARMS 2020-2022 minor species,https://www.fda.gov/media/183419/download?attachment=; frozen cohort minor-2020-Escherichia-coli-Lambs-AZI,Observed categories; ceiling summaries derived by reporting-audit,Dessai et al. 2024 p.22; manufacturer CMV5AGNF layout
minor-2020-Escherichia-coli-Lambs-AZI,CMV5AGNF-AZI,0.5,1,false,ceiling,2020-Escherichia-coli-Lambs,AZI,FDA NARMS 2020-2022 minor species,https://www.fda.gov/media/183419/download?attachment=; frozen cohort minor-2020-Escherichia-coli-Lambs-AZI,Observed categories; ceiling summaries derived by reporting-audit,Dessai et al. 2024 p.22; manufacturer CMV5AGNF layout
minor-2020-Escherichia-coli-Lambs-AZI,CMV5AGNF-AZI,1,1,false,ceiling,2020-Escherichia-coli-Lambs,AZI,FDA NARMS 2020-2022 minor species,https://www.fda.gov/media/183419/download?attachment=; frozen cohort minor-2020-Escherichia-coli-Lambs-AZI,Observed categories; ceiling summaries derived by reporting-audit,Dessai et al. 2024 p.22; manufacturer CMV5AGNF layout
minor-2020-Escherichia-coli-Lambs-AZI,CMV5AGNF-AZI,2,9,false,ceiling,2020-Escherichia-coli-Lambs,AZI,FDA NARMS 2020-2022 minor species,https://www.fda.gov/media/183419/download?attachment=; frozen cohort minor-2020-Escherichia-coli-Lambs-AZI,Observed categories; ceiling summaries derived by reporting-audit,Dessai et al. 2024 p.22; manufacturer CMV5AGNF layout
minor-2020-Escherichia-coli-Lambs-AZI,CMV5AGNF-AZI,4,29,false,ceiling,2020-Escherichia-coli-Lambs,AZI,FDA NARMS 2020-2022 minor species,https://www.fda.gov/media/183419/download?attachment=; frozen cohort minor-2020-Escherichia-coli-Lambs-AZI,Observed categories; ceiling summaries derived by reporting-audit,Dessai et al. 2024 p.22; manufacturer CMV5AGNF layout
minor-2020-Escherichia-coli-Lambs-AZI,CMV5AGNF-AZI,8,9,false,ceiling,2020-Escherichia-coli-Lambs,AZI,FDA NARMS 2020-2022 minor species,https://www.fda.gov/media/183419/download?attachment=; frozen cohort minor-2020-Escherichia-coli-Lambs-AZI,Observed categories; ceiling summaries derived by reporting-audit,Dessai et al. 2024 p.22; manufacturer CMV5AGNF layout
minor-2020-Escherichia-coli-Lambs-AZI,CMV5AGNF-AZI,16,0,false,ceiling,2020-Escherichia-coli-Lambs,AZI,FDA NARMS 2020-2022 minor species,https://www.fda.gov/media/183419/download?attachment=; frozen cohort minor-2020-Escherichia-coli-Lambs-AZI,Observed categories; ceiling summaries derived by reporting-audit,Dessai et al. 2024 p.22; manufacturer CMV5AGNF layout
minor-2020-Escherichia-coli-Lambs-AZI,CMV5AGNF-AZI,32,0,false,ceiling,2020-Escherichia-coli-Lambs,AZI,FDA NARMS 2020-2022 minor species,https://www.fda.gov/media/183419/download?attachment=; frozen cohort minor-2020-Escherichia-coli-Lambs-AZI,Observed categories; ceiling summaries derived by reporting-audit,Dessai et al. 2024 p.22; manufacturer CMV5AGNF layout
minor-2020-Escherichia-coli-Lambs-AZI,CMV5AGNF-AZI,64,0,false,ceiling,2020-Escherichia-coli-Lambs,AZI,FDA NARMS 2020-2022 minor species,https://www.fda.gov/media/183419/download?attachment=; frozen cohort minor-2020-Escherichia-coli-Lambs-AZI,Observed categories; ceiling summaries derived by reporting-audit,Dessai et al. 2024 p.22; manufacturer CMV5AGNF layout
minor-2020-Escherichia-coli-Lambs-AZI,CMV5AGNF-AZI,>64,0,false,ceiling,2020-Escherichia-coli-Lambs,AZI,FDA NARMS 2020-2022 minor species,https://www.fda.gov/media/183419/download?attachment=; frozen cohort minor-2020-Escherichia-coli-Lambs-AZI,Observed categories; ceiling summaries derived by reporting-audit,Dessai et al. 2024 p.22; manufacturer CMV5AGNF layout
minor-2020-Escherichia-coli-Lambs-CHL,CMV5AGNF-CHL,<=2,3,false,ceiling,2020-Escherichia-coli-Lambs,CHL,FDA NARMS 2020-2022 minor species,https://www.fda.gov/media/183419/download?attachment=; frozen cohort minor-2020-Escherichia-coli-Lambs-CHL,Observed categories; ceiling summaries derived by reporting-audit,Dessai et al. 2024 p.22; manufacturer CMV5AGNF layout
minor-2020-Escherichia-coli-Lambs-CHL,CMV5AGNF-CHL,4,19,false,ceiling,2020-Escherichia-coli-Lambs,CHL,FDA NARMS 2020-2022 minor species,https://www.fda.gov/media/183419/download?attachment=; frozen cohort minor-2020-Escherichia-coli-Lambs-CHL,Observed categories; ceiling summaries derived by reporting-audit,Dessai et al. 2024 p.22; manufacturer CMV5AGNF layout
minor-2020-Escherichia-coli-Lambs-CHL,CMV5AGNF-CHL,8,21,false,ceiling,2020-Escherichia-coli-Lambs,CHL,FDA NARMS 2020-2022 minor species,https://www.fda.gov/media/183419/download?attachment=; frozen cohort minor-2020-Escherichia-coli-Lambs-CHL,Observed categories; ceiling summaries derived by reporting-audit,Dessai et al. 2024 p.22; manufacturer CMV5AGNF layout
minor-2020-Escherichia-coli-Lambs-CHL,CMV5AGNF-CHL,16,2,false,ceiling,2020-Escherichia-coli-Lambs,CHL,FDA NARMS 2020-2022 minor species,https://www.fda.gov/media/183419/download?attachment=; frozen cohort minor-2020-Escherichia-coli-Lambs-CHL,Observed categories; ceiling summaries derived by reporting-audit,Dessai et al. 2024 p.22; manufacturer CMV5AGNF layout
minor-2020-Escherichia-coli-Lambs-CHL,CMV5AGNF-CHL,32,0,false,ceiling,2020-Escherichia-coli-Lambs,CHL,FDA NARMS 2020-2022 minor species,https://www.fda.gov/media/183419/download?attachment=; frozen cohort minor-2020-Escherichia-coli-Lambs-CHL,Observed categories; ceiling summaries derived by reporting-audit,Dessai et al. 2024 p.22; manufacturer CMV5AGNF layout
minor-2020-Escherichia-coli-Lambs-CHL,CMV5AGNF-CHL,>32,4,false,ceiling,2020-Escherichia-coli-Lambs,CHL,FDA NARMS 2020-2022 minor species,https://www.fda.gov/media/183419/download?attachment=; frozen cohort minor-2020-Escherichia-coli-Lambs-CHL,Observed categories; ceiling summaries derived by reporting-audit,Dessai et al. 2024 p.22; manufacturer CMV5AGNF layout
minor-2020-Escherichia-coli-Lambs-COL,CMV5AGNF-COL,<=0.25,46,false,ceiling,2020-Escherichia-coli-Lambs,COL,FDA NARMS 2020-2022 minor species,https://www.fda.gov/media/183419/download?attachment=; frozen cohort minor-2020-Escherichia-coli-Lambs-COL,Observed categories; ceiling summaries derived by reporting-audit,Dessai et al. 2024 p.22; manufacturer CMV5AGNF layout
minor-2020-Escherichia-coli-Lambs-COL,CMV5AGNF-COL,0.5,3,false,ceiling,2020-Escherichia-coli-Lambs,COL,FDA NARMS 2020-2022 minor species,https://www.fda.gov/media/183419/download?attachment=; frozen cohort minor-2020-Escherichia-coli-Lambs-COL,Observed categories; ceiling summaries derived by reporting-audit,Dessai et al. 2024 p.22; manufacturer CMV5AGNF layout
minor-2020-Escherichia-coli-Lambs-COL,CMV5AGNF-COL,1,0,false,ceiling,2020-Escherichia-coli-Lambs,COL,FDA NARMS 2020-2022 minor species,https://www.fda.gov/media/183419/download?attachment=; frozen cohort minor-2020-Escherichia-coli-Lambs-COL,Observed categories; ceiling summaries derived by reporting-audit,Dessai et al. 2024 p.22; manufacturer CMV5AGNF layout
minor-2020-Escherichia-coli-Lambs-COL,CMV5AGNF-COL,2,0,false,ceiling,2020-Escherichia-coli-Lambs,COL,FDA NARMS 2020-2022 minor species,https://www.fda.gov/media/183419/download?attachment=; frozen cohort minor-2020-Escherichia-coli-Lambs-COL,Observed categories; ceiling summaries derived by reporting-audit,Dessai et al. 2024 p.22; manufacturer CMV5AGNF layout
minor-2020-Escherichia-coli-Lambs-COL,CMV5AGNF-COL,4,0,false,ceiling,2020-Escherichia-coli-Lambs,COL,FDA NARMS 2020-2022 minor species,https://www.fda.gov/media/183419/download?attachment=; frozen cohort minor-2020-Escherichia-coli-Lambs-COL,Observed categories; ceiling summaries derived by reporting-audit,Dessai et al. 2024 p.22; manufacturer CMV5AGNF layout
minor-2020-Escherichia-coli-Lambs-COL,CMV5AGNF-COL,8,0,false,ceiling,2020-Escherichia-coli-Lambs,COL,FDA NARMS 2020-2022 minor species,https://www.fda.gov/media/183419/download?attachment=; frozen cohort minor-2020-Escherichia-coli-Lambs-COL,Observed categories; ceiling summaries derived by reporting-audit,Dessai et al. 2024 p.22; manufacturer CMV5AGNF layout
minor-2020-Escherichia-coli-Lambs-COL,CMV5AGNF-COL,>8,0,false,ceiling,2020-Escherichia-coli-Lambs,COL,FDA NARMS 2020-2022 minor species,https://www.fda.gov/media/183419/download?attachment=; frozen cohort minor-2020-Escherichia-coli-Lambs-COL,Observed categories; ceiling summaries derived by reporting-audit,Dessai et al. 2024 p.22; manufacturer CMV5AGNF layout
minor-2020-Escherichia-coli-Lambs-FIS,CMV5AGNF-FIS,<=16,38,false,ceiling,2020-Escherichia-coli-Lambs,FIS,FDA NARMS 2020-2022 minor species,https://www.fda.gov/media/183419/download?attachment=; frozen cohort minor-2020-Escherichia-coli-Lambs-FIS,Observed categories; ceiling summaries derived by reporting-audit,Dessai et al. 2024 p.22; manufacturer CMV5AGNF layout
minor-2020-Escherichia-coli-Lambs-FIS,CMV5AGNF-FIS,32,2,false,ceiling,2020-Escherichia-coli-Lambs,FIS,FDA NARMS 2020-2022 minor species,https://www.fda.gov/media/183419/download?attachment=; frozen cohort minor-2020-Escherichia-coli-Lambs-FIS,Observed categories; ceiling summaries derived by reporting-audit,Dessai et al. 2024 p.22; manufacturer CMV5AGNF layout
minor-2020-Escherichia-coli-Lambs-FIS,CMV5AGNF-FIS,64,1,false,ceiling,2020-Escherichia-coli-Lambs,FIS,FDA NARMS 2020-2022 minor species,https://www.fda.gov/media/183419/download?attachment=; frozen cohort minor-2020-Escherichia-coli-Lambs-FIS,Observed categories; ceiling summaries derived by reporting-audit,Dessai et al. 2024 p.22; manufacturer CMV5AGNF layout
minor-2020-Escherichia-coli-Lambs-FIS,CMV5AGNF-FIS,128,0,false,ceiling,2020-Escherichia-coli-Lambs,FIS,FDA NARMS 2020-2022 minor species,https://www.fda.gov/media/183419/download?attachment=; frozen cohort minor-2020-Escherichia-coli-Lambs-FIS,Observed categories; ceiling summaries derived by reporting-audit,Dessai et al. 2024 p.22; manufacturer CMV5AGNF layout
minor-2020-Escherichia-coli-Lambs-FIS,CMV5AGNF-FIS,256,0,false,ceiling,2020-Escherichia-coli-Lambs,FIS,FDA NARMS 2020-2022 minor species,https://www.fda.gov/media/183419/download?attachment=; frozen cohort minor-2020-Escherichia-coli-Lambs-FIS,Observed categories; ceiling summaries derived by reporting-audit,Dessai et al. 2024 p.22; manufacturer CMV5AGNF layout
minor-2020-Escherichia-coli-Lambs-FIS,CMV5AGNF-FIS,>256,8,false,ceiling,2020-Escherichia-coli-Lambs,FIS,FDA NARMS 2020-2022 minor species,https://www.fda.gov/media/183419/download?attachment=; frozen cohort minor-2020-Escherichia-coli-Lambs-FIS,Observed categories; ceiling summaries derived by reporting-audit,Dessai et al. 2024 p.22; manufacturer CMV5AGNF layout
minor-2020-Escherichia-coli-Lambs-FOX,CMV5AGNF-FOX,<=1,0,false,ceiling,2020-Escherichia-coli-Lambs,FOX,FDA NARMS 2020-2022 minor species,https://www.fda.gov/media/183419/download?attachment=; frozen cohort minor-2020-Escherichia-coli-Lambs-FOX,Observed categories; ceiling summaries derived by reporting-audit,Dessai et al. 2024 p.22; manufacturer CMV5AGNF layout
minor-2020-Escherichia-coli-Lambs-FOX,CMV5AGNF-FOX,2,3,false,ceiling,2020-Escherichia-coli-Lambs,FOX,FDA NARMS 2020-2022 minor species,https://www.fda.gov/media/183419/download?attachment=; frozen cohort minor-2020-Escherichia-coli-Lambs-FOX,Observed categories; ceiling summaries derived by reporting-audit,Dessai et al. 2024 p.22; manufacturer CMV5AGNF layout
minor-2020-Escherichia-coli-Lambs-FOX,CMV5AGNF-FOX,4,26,false,ceiling,2020-Escherichia-coli-Lambs,FOX,FDA NARMS 2020-2022 minor species,https://www.fda.gov/media/183419/download?attachment=; frozen cohort minor-2020-Escherichia-coli-Lambs-FOX,Observed categories; ceiling summaries derived by reporting-audit,Dessai et al. 2024 p.22; manufacturer CMV5AGNF layout
minor-2020-Escherichia-coli-Lambs-FOX,CMV5AGNF-FOX,8,20,false,ceiling,2020-Escherichia-coli-Lambs,FOX,FDA NARMS 2020-2022 minor species,https://www.fda.gov/media/183419/download?attachment=; frozen cohort minor-2020-Escherichia-coli-Lambs-FOX,Observed categories; ceiling summaries derived by reporting-audit,Dessai et al. 2024 p.22; manufacturer CMV5AGNF layout
minor-2020-Escherichia-coli-Lambs-FOX,CMV5AGNF-FOX,16,0,false,ceiling,2020-Escherichia-coli-Lambs,FOX,FDA NARMS 2020-2022 minor species,https://www.fda.gov/media/183419/download?attachment=; frozen cohort minor-2020-Escherichia-coli-Lambs-FOX,Observed categories; ceiling summaries derived by reporting-audit,Dessai et al. 2024 p.22; manufacturer CMV5AGNF layout
minor-2020-Escherichia-coli-Lambs-FOX,CMV5AGNF-FOX,32,0,false,ceiling,2020-Escherichia-coli-Lambs,FOX,FDA NARMS 2020-2022 minor species,https://www.fda.gov/media/183419/download?attachment=; frozen cohort minor-2020-Escherichia-coli-Lambs-FOX,Observed categories; ceiling summaries derived by reporting-audit,Dessai et al. 2024 p.22; manufacturer CMV5AGNF layout
minor-2020-Escherichia-coli-Lambs-FOX,CMV5AGNF-FOX,>32,0,false,ceiling,2020-Escherichia-coli-Lambs,FOX,FDA NARMS 2020-2022 minor species,https://www.fda.gov/media/183419/download?attachment=; frozen cohort minor-2020-Escherichia-coli-Lambs-FOX,Observed categories; ceiling summaries derived by reporting-audit,Dessai et al. 2024 p.22; manufacturer CMV5AGNF layout
minor-2020-Escherichia-coli-Lambs-GEN,CMV5AGNF-GEN,<=0.25,0,false,ceiling,2020-Escherichia-coli-Lambs,GEN,FDA NARMS 2020-2022 minor species,https://www.fda.gov/media/183419/download?attachment=; frozen cohort minor-2020-Escherichia-coli-Lambs-GEN,Observed categories; ceiling summaries derived by reporting-audit,Dessai et al. 2024 p.22; manufacturer CMV5AGNF layout
minor-2020-Escherichia-coli-Lambs-GEN,CMV5AGNF-GEN,0.5,26,false,ceiling,2020-Escherichia-coli-Lambs,GEN,FDA NARMS 2020-2022 minor species,https://www.fda.gov/media/183419/download?attachment=; frozen cohort minor-2020-Escherichia-coli-Lambs-GEN,Observed categories; ceiling summaries derived by reporting-audit,Dessai et al. 2024 p.22; manufacturer CMV5AGNF layout
minor-2020-Escherichia-coli-Lambs-GEN,CMV5AGNF-GEN,1,21,false,ceiling,2020-Escherichia-coli-Lambs,GEN,FDA NARMS 2020-2022 minor species,https://www.fda.gov/media/183419/download?attachment=; frozen cohort minor-2020-Escherichia-coli-Lambs-GEN,Observed categories; ceiling summaries derived by reporting-audit,Dessai et al. 2024 p.22; manufacturer CMV5AGNF layout
minor-2020-Escherichia-coli-Lambs-GEN,CMV5AGNF-GEN,2,1,false,ceiling,2020-Escherichia-coli-Lambs,GEN,FDA NARMS 2020-2022 minor species,https://www.fda.gov/media/183419/download?attachment=; frozen cohort minor-2020-Escherichia-coli-Lambs-GEN,Observed categories; ceiling summaries derived by reporting-audit,Dessai et al. 2024 p.22; manufacturer CMV5AGNF layout
minor-2020-Escherichia-coli-Lambs-GEN,CMV5AGNF-GEN,4,0,false,ceiling,2020-Escherichia-coli-Lambs,GEN,FDA NARMS 2020-2022 minor species,https://www.fda.gov/media/183419/download?attachment=; frozen cohort minor-2020-Escherichia-coli-Lambs-GEN,Observed categories; ceiling summaries derived by reporting-audit,Dessai et al. 2024 p.22; manufacturer CMV5AGNF layout
minor-2020-Escherichia-coli-Lambs-GEN,CMV5AGNF-GEN,8,0,false,ceiling,2020-Escherichia-coli-Lambs,GEN,FDA NARMS 2020-2022 minor species,https://www.fda.gov/media/183419/download?attachment=; frozen cohort minor-2020-Escherichia-coli-Lambs-GEN,Observed categories; ceiling summaries derived by reporting-audit,Dessai et al. 2024 p.22; manufacturer CMV5AGNF layout
minor-2020-Escherichia-coli-Lambs-GEN,CMV5AGNF-GEN,16,0,false,ceiling,2020-Escherichia-coli-Lambs,GEN,FDA NARMS 2020-2022 minor species,https://www.fda.gov/media/183419/download?attachment=; frozen cohort minor-2020-Escherichia-coli-Lambs-GEN,Observed categories; ceiling summaries derived by reporting-audit,Dessai et al. 2024 p.22; manufacturer CMV5AGNF layout
minor-2020-Escherichia-coli-Lambs-GEN,CMV5AGNF-GEN,>16,1,false,ceiling,2020-Escherichia-coli-Lambs,GEN,FDA NARMS 2020-2022 minor species,https://www.fda.gov/media/183419/download?attachment=; frozen cohort minor-2020-Escherichia-coli-Lambs-GEN,Observed categories; ceiling summaries derived by reporting-audit,Dessai et al. 2024 p.22; manufacturer CMV5AGNF layout
minor-2020-Escherichia-coli-Lambs-TET,CMV5AGNF-TET,<=4,29,false,ceiling,2020-Escherichia-coli-Lambs,TET,FDA NARMS 2020-2022 minor species,https://www.fda.gov/media/183419/download?attachment=; frozen cohort minor-2020-Escherichia-coli-Lambs-TET,Observed categories; ceiling summaries derived by reporting-audit,Dessai et al. 2024 p.22; manufacturer CMV5AGNF layout
minor-2020-Escherichia-coli-Lambs-TET,CMV5AGNF-TET,8,0,false,ceiling,2020-Escherichia-coli-Lambs,TET,FDA NARMS 2020-2022 minor species,https://www.fda.gov/media/183419/download?attachment=; frozen cohort minor-2020-Escherichia-coli-Lambs-TET,Observed categories; ceiling summaries derived by reporting-audit,Dessai et al. 2024 p.22; manufacturer CMV5AGNF layout
minor-2020-Escherichia-coli-Lambs-TET,CMV5AGNF-TET,16,3,false,ceiling,2020-Escherichia-coli-Lambs,TET,FDA NARMS 2020-2022 minor species,https://www.fda.gov/media/183419/download?attachment=; frozen cohort minor-2020-Escherichia-coli-Lambs-TET,Observed categories; ceiling summaries derived by reporting-audit,Dessai et al. 2024 p.22; manufacturer CMV5AGNF layout
minor-2020-Escherichia-coli-Lambs-TET,CMV5AGNF-TET,32,1,false,ceiling,2020-Escherichia-coli-Lambs,TET,FDA NARMS 2020-2022 minor species,https://www.fda.gov/media/183419/download?attachment=; frozen cohort minor-2020-Escherichia-coli-Lambs-TET,Observed categories; ceiling summaries derived by reporting-audit,Dessai et al. 2024 p.22; manufacturer CMV5AGNF layout
minor-2020-Escherichia-coli-Lambs-TET,CMV5AGNF-TET,>32,16,false,ceiling,2020-Escherichia-coli-Lambs,TET,FDA NARMS 2020-2022 minor species,https://www.fda.gov/media/183419/download?attachment=; frozen cohort minor-2020-Escherichia-coli-Lambs-TET,Observed categories; ceiling summaries derived by reporting-audit,Dessai et al. 2024 p.22; manufacturer CMV5AGNF layout
minor-2020-Escherichia-coli-Sheep-AMP,CMV5AGNF-AMP,<=1,2,false,ceiling,2020-Escherichia-coli-Sheep,AMP,FDA NARMS 2020-2022 minor species,https://www.fda.gov/media/183419/download?attachment=; frozen cohort minor-2020-Escherichia-coli-Sheep-AMP,Observed categories; ceiling summaries derived by reporting-audit,Dessai et al. 2024 p.22; manufacturer CMV5AGNF layout
minor-2020-Escherichia-coli-Sheep-AMP,CMV5AGNF-AMP,2,11,false,ceiling,2020-Escherichia-coli-Sheep,AMP,FDA NARMS 2020-2022 minor species,https://www.fda.gov/media/183419/download?attachment=; frozen cohort minor-2020-Escherichia-coli-Sheep-AMP,Observed categories; ceiling summaries derived by reporting-audit,Dessai et al. 2024 p.22; manufacturer CMV5AGNF layout
minor-2020-Escherichia-coli-Sheep-AMP,CMV5AGNF-AMP,4,19,false,ceiling,2020-Escherichia-coli-Sheep,AMP,FDA NARMS 2020-2022 minor species,https://www.fda.gov/media/183419/download?attachment=; frozen cohort minor-2020-Escherichia-coli-Sheep-AMP,Observed categories; ceiling summaries derived by reporting-audit,Dessai et al. 2024 p.22; manufacturer CMV5AGNF layout
minor-2020-Escherichia-coli-Sheep-AMP,CMV5AGNF-AMP,8,1,false,ceiling,2020-Escherichia-coli-Sheep,AMP,FDA NARMS 2020-2022 minor species,https://www.fda.gov/media/183419/download?attachment=; frozen cohort minor-2020-Escherichia-coli-Sheep-AMP,Observed categories; ceiling summaries derived by reporting-audit,Dessai et al. 2024 p.22; manufacturer CMV5AGNF layout
minor-2020-Escherichia-coli-Sheep-AMP,CMV5AGNF-AMP,16,0,false,ceiling,2020-Escherichia-coli-Sheep,AMP,FDA NARMS 2020-2022 minor species,https://www.fda.gov/media/183419/download?attachment=; frozen cohort minor-2020-Escherichia-coli-Sheep-AMP,Observed categories; ceiling summaries derived by reporting-audit,Dessai et al. 2024 p.22; manufacturer CMV5AGNF layout
minor-2020-Escherichia-coli-Sheep-AMP,CMV5AGNF-AMP,32,0,false,ceiling,2020-Escherichia-coli-Sheep,AMP,FDA NARMS 2020-2022 minor species,https://www.fda.gov/media/183419/download?attachment=; frozen cohort minor-2020-Escherichia-coli-Sheep-AMP,Observed categories; ceiling summaries derived by reporting-audit,Dessai et al. 2024 p.22; manufacturer CMV5AGNF layout
minor-2020-Escherichia-coli-Sheep-AMP,CMV5AGNF-AMP,>32,1,false,ceiling,2020-Escherichia-coli-Sheep,AMP,FDA NARMS 2020-2022 minor species,https://www.fda.gov/media/183419/download?attachment=; frozen cohort minor-2020-Escherichia-coli-Sheep-AMP,Observed categories; ceiling summaries derived by reporting-audit,Dessai et al. 2024 p.22; manufacturer CMV5AGNF layout
minor-2020-Escherichia-coli-Sheep-AXO,CMV5AGNF-AXO,<=0.25,34,false,ceiling,2020-Escherichia-coli-Sheep,AXO,FDA NARMS 2020-2022 minor species,https://www.fda.gov/media/183419/download?attachment=; frozen cohort minor-2020-Escherichia-coli-Sheep-AXO,Observed categories; ceiling summaries derived by reporting-audit,Dessai et al. 2024 p.22; manufacturer CMV5AGNF layout
minor-2020-Escherichia-coli-Sheep-AXO,CMV5AGNF-AXO,0.5,0,false,ceiling,2020-Escherichia-coli-Sheep,AXO,FDA NARMS 2020-2022 minor species,https://www.fda.gov/media/183419/download?attachment=; frozen cohort minor-2020-Escherichia-coli-Sheep-AXO,Observed categories; ceiling summaries derived by reporting-audit,Dessai et al. 2024 p.22; manufacturer CMV5AGNF layout
minor-2020-Escherichia-coli-Sheep-AXO,CMV5AGNF-AXO,1,0,false,ceiling,2020-Escherichia-coli-Sheep,AXO,FDA NARMS 2020-2022 minor species,https://www.fda.gov/media/183419/download?attachment=; frozen cohort minor-2020-Escherichia-coli-Sheep-AXO,Observed categories; ceiling summaries derived by reporting-audit,Dessai et al. 2024 p.22; manufacturer CMV5AGNF layout
minor-2020-Escherichia-coli-Sheep-AXO,CMV5AGNF-AXO,2,0,false,ceiling,2020-Escherichia-coli-Sheep,AXO,FDA NARMS 2020-2022 minor species,https://www.fda.gov/media/183419/download?attachment=; frozen cohort minor-2020-Escherichia-coli-Sheep-AXO,Observed categories; ceiling summaries derived by reporting-audit,Dessai et al. 2024 p.22; manufacturer CMV5AGNF layout
minor-2020-Escherichia-coli-Sheep-AXO,CMV5AGNF-AXO,4,0,false,ceiling,2020-Escherichia-coli-Sheep,AXO,FDA NARMS 2020-2022 minor species,https://www.fda.gov/media/183419/download?attachment=; frozen cohort minor-2020-Escherichia-coli-Sheep-AXO,Observed categories; ceiling summaries derived by reporting-audit,Dessai et al. 2024 p.22; manufacturer CMV5AGNF layout
minor-2020-Escherichia-coli-Sheep-AXO,CMV5AGNF-AXO,8,0,false,ceiling,2020-Escherichia-coli-Sheep,AXO,FDA NARMS 2020-2022 minor species,https://www.fda.gov/media/183419/download?attachment=; frozen cohort minor-2020-Escherichia-coli-Sheep-AXO,Observed categories; ceiling summaries derived by reporting-audit,Dessai et al. 2024 p.22; manufacturer CMV5AGNF layout
minor-2020-Escherichia-coli-Sheep-AXO,CMV5AGNF-AXO,16,0,false,ceiling,2020-Escherichia-coli-Sheep,AXO,FDA NARMS 2020-2022 minor species,https://www.fda.gov/media/183419/download?attachment=; frozen cohort minor-2020-Escherichia-coli-Sheep-AXO,Observed categories; ceiling summaries derived by reporting-audit,Dessai et al. 2024 p.22; manufacturer CMV5AGNF layout
minor-2020-Escherichia-coli-Sheep-AXO,CMV5AGNF-AXO,32,0,false,ceiling,2020-Escherichia-coli-Sheep,AXO,FDA NARMS 2020-2022 minor species,https://www.fda.gov/media/183419/download?attachment=; frozen cohort minor-2020-Escherichia-coli-Sheep-AXO,Observed categories; ceiling summaries derived by reporting-audit,Dessai et al. 2024 p.22; manufacturer CMV5AGNF layout
minor-2020-Escherichia-coli-Sheep-AXO,CMV5AGNF-AXO,64,0,false,ceiling,2020-Escherichia-coli-Sheep,AXO,FDA NARMS 2020-2022 minor species,https://www.fda.gov/media/183419/download?attachment=; frozen cohort minor-2020-Escherichia-coli-Sheep-AXO,Observed categories; ceiling summaries derived by reporting-audit,Dessai et al. 2024 p.22; manufacturer CMV5AGNF layout
minor-2020-Escherichia-coli-Sheep-AXO,CMV5AGNF-AXO,>64,0,false,ceiling,2020-Escherichia-coli-Sheep,AXO,FDA NARMS 2020-2022 minor species,https://www.fda.gov/media/183419/download?attachment=; frozen cohort minor-2020-Escherichia-coli-Sheep-AXO,Observed categories; ceiling summaries derived by reporting-audit,Dessai et al. 2024 p.22; manufacturer CMV5AGNF layout
minor-2020-Escherichia-coli-Sheep-AZI,CMV5AGNF-AZI,<=0.25,0,false,ceiling,2020-Escherichia-coli-Sheep,AZI,FDA NARMS 2020-2022 minor species,https://www.fda.gov/media/183419/download?attachment=; frozen cohort minor-2020-Escherichia-coli-Sheep-AZI,Observed categories; ceiling summaries derived by reporting-audit,Dessai et al. 2024 p.22; manufacturer CMV5AGNF layout
minor-2020-Escherichia-coli-Sheep-AZI,CMV5AGNF-AZI,0.5,1,false,ceiling,2020-Escherichia-coli-Sheep,AZI,FDA NARMS 2020-2022 minor species,https://www.fda.gov/media/183419/download?attachment=; frozen cohort minor-2020-Escherichia-coli-Sheep-AZI,Observed categories; ceiling summaries derived by reporting-audit,Dessai et al. 2024 p.22; manufacturer CMV5AGNF layout
minor-2020-Escherichia-coli-Sheep-AZI,CMV5AGNF-AZI,1,4,false,ceiling,2020-Escherichia-coli-Sheep,AZI,FDA NARMS 2020-2022 minor species,https://www.fda.gov/media/183419/download?attachment=; frozen cohort minor-2020-Escherichia-coli-Sheep-AZI,Observed categories; ceiling summaries derived by reporting-audit,Dessai et al. 2024 p.22; manufacturer CMV5AGNF layout
minor-2020-Escherichia-coli-Sheep-AZI,CMV5AGNF-AZI,2,3,false,ceiling,2020-Escherichia-coli-Sheep,AZI,FDA NARMS 2020-2022 minor species,https://www.fda.gov/media/183419/download?attachment=; frozen cohort minor-2020-Escherichia-coli-Sheep-AZI,Observed categories; ceiling summaries derived by reporting-audit,Dessai et al. 2024 p.22; manufacturer CMV5AGNF layout
minor-2020-Escherichia-coli-Sheep-AZI,CMV5AGNF-AZI,4,23,false,ceiling,2020-Escherichia-coli-Sheep,AZI,FDA NARMS 2020-2022 minor species,https://www.fda.gov/media/183419/download?attachment=; frozen cohort minor-2020-Escherichia-coli-Sheep-AZI,Observed categories; ceiling summaries derived by reporting-audit,Dessai et al. 2024 p.22; manufacturer CMV5AGNF layout
minor-2020-Escherichia-coli-Sheep-AZI,CMV5AGNF-AZI,8,3,false,ceiling,2020-Escherichia-coli-Sheep,AZI,FDA NARMS 2020-2022 minor species,https://www.fda.gov/media/183419/download?attachment=; frozen cohort minor-2020-Escherichia-coli-Sheep-AZI,Observed categories; ceiling summaries derived by reporting-audit,Dessai et al. 2024 p.22; manufacturer CMV5AGNF layout
minor-2020-Escherichia-coli-Sheep-AZI,CMV5AGNF-AZI,16,0,false,ceiling,2020-Escherichia-coli-Sheep,AZI,FDA NARMS 2020-2022 minor species,https://www.fda.gov/media/183419/download?attachment=; frozen cohort minor-2020-Escherichia-coli-Sheep-AZI,Observed categories; ceiling summaries derived by reporting-audit,Dessai et al. 2024 p.22; manufacturer CMV5AGNF layout
minor-2020-Escherichia-coli-Sheep-AZI,CMV5AGNF-AZI,32,0,false,ceiling,2020-Escherichia-coli-Sheep,AZI,FDA NARMS 2020-2022 minor species,https://www.fda.gov/media/183419/download?attachment=; frozen cohort minor-2020-Escherichia-coli-Sheep-AZI,Observed categories; ceiling summaries derived by reporting-audit,Dessai et al. 2024 p.22; manufacturer CMV5AGNF layout
minor-2020-Escherichia-coli-Sheep-AZI,CMV5AGNF-AZI,64,0,false,ceiling,2020-Escherichia-coli-Sheep,AZI,FDA NARMS 2020-2022 minor species,https://www.fda.gov/media/183419/download?attachment=; frozen cohort minor-2020-Escherichia-coli-Sheep-AZI,Observed categories; ceiling summaries derived by reporting-audit,Dessai et al. 2024 p.22; manufacturer CMV5AGNF layout
minor-2020-Escherichia-coli-Sheep-AZI,CMV5AGNF-AZI,>64,0,false,ceiling,2020-Escherichia-coli-Sheep,AZI,FDA NARMS 2020-2022 minor species,https://www.fda.gov/media/183419/download?attachment=; frozen cohort minor-2020-Escherichia-coli-Sheep-AZI,Observed categories; ceiling summaries derived by reporting-audit,Dessai et al. 2024 p.22; manufacturer CMV5AGNF layout
minor-2020-Escherichia-coli-Sheep-CHL,CMV5AGNF-CHL,<=2,4,false,ceiling,2020-Escherichia-coli-Sheep,CHL,FDA NARMS 2020-2022 minor species,https://www.fda.gov/media/183419/download?attachment=; frozen cohort minor-2020-Escherichia-coli-Sheep-CHL,Observed categories; ceiling summaries derived by reporting-audit,Dessai et al. 2024 p.22; manufacturer CMV5AGNF layout
minor-2020-Escherichia-coli-Sheep-CHL,CMV5AGNF-CHL,4,9,false,ceiling,2020-Escherichia-coli-Sheep,CHL,FDA NARMS 2020-2022 minor species,https://www.fda.gov/media/183419/download?attachment=; frozen cohort minor-2020-Escherichia-coli-Sheep-CHL,Observed categories; ceiling summaries derived by reporting-audit,Dessai et al. 2024 p.22; manufacturer CMV5AGNF layout
minor-2020-Escherichia-coli-Sheep-CHL,CMV5AGNF-CHL,8,18,false,ceiling,2020-Escherichia-coli-Sheep,CHL,FDA NARMS 2020-2022 minor species,https://www.fda.gov/media/183419/download?attachment=; frozen cohort minor-2020-Escherichia-coli-Sheep-CHL,Observed categories; ceiling summaries derived by reporting-audit,Dessai et al. 2024 p.22; manufacturer CMV5AGNF layout
minor-2020-Escherichia-coli-Sheep-CHL,CMV5AGNF-CHL,16,1,false,ceiling,2020-Escherichia-coli-Sheep,CHL,FDA NARMS 2020-2022 minor species,https://www.fda.gov/media/183419/download?attachment=; frozen cohort minor-2020-Escherichia-coli-Sheep-CHL,Observed categories; ceiling summaries derived by reporting-audit,Dessai et al. 2024 p.22; manufacturer CMV5AGNF layout
minor-2020-Escherichia-coli-Sheep-CHL,CMV5AGNF-CHL,32,0,false,ceiling,2020-Escherichia-coli-Sheep,CHL,FDA NARMS 2020-2022 minor species,https://www.fda.gov/media/183419/download?attachment=; frozen cohort minor-2020-Escherichia-coli-Sheep-CHL,Observed categories; ceiling summaries derived by reporting-audit,Dessai et al. 2024 p.22; manufacturer CMV5AGNF layout
minor-2020-Escherichia-coli-Sheep-CHL,CMV5AGNF-CHL,>32,2,false,ceiling,2020-Escherichia-coli-Sheep,CHL,FDA NARMS 2020-2022 minor species,https://www.fda.gov/media/183419/download?attachment=; frozen cohort minor-2020-Escherichia-coli-Sheep-CHL,Observed categories; ceiling summaries derived by reporting-audit,Dessai et al. 2024 p.22; manufacturer CMV5AGNF layout
minor-2020-Escherichia-coli-Sheep-COL,CMV5AGNF-COL,<=0.25,33,false,ceiling,2020-Escherichia-coli-Sheep,COL,FDA NARMS 2020-2022 minor species,https://www.fda.gov/media/183419/download?attachment=; frozen cohort minor-2020-Escherichia-coli-Sheep-COL,Observed categories; ceiling summaries derived by reporting-audit,Dessai et al. 2024 p.22; manufacturer CMV5AGNF layout
minor-2020-Escherichia-coli-Sheep-COL,CMV5AGNF-COL,0.5,1,false,ceiling,2020-Escherichia-coli-Sheep,COL,FDA NARMS 2020-2022 minor species,https://www.fda.gov/media/183419/download?attachment=; frozen cohort minor-2020-Escherichia-coli-Sheep-COL,Observed categories; ceiling summaries derived by reporting-audit,Dessai et al. 2024 p.22; manufacturer CMV5AGNF layout
minor-2020-Escherichia-coli-Sheep-COL,CMV5AGNF-COL,1,0,false,ceiling,2020-Escherichia-coli-Sheep,COL,FDA NARMS 2020-2022 minor species,https://www.fda.gov/media/183419/download?attachment=; frozen cohort minor-2020-Escherichia-coli-Sheep-COL,Observed categories; ceiling summaries derived by reporting-audit,Dessai et al. 2024 p.22; manufacturer CMV5AGNF layout
minor-2020-Escherichia-coli-Sheep-COL,CMV5AGNF-COL,2,0,false,ceiling,2020-Escherichia-coli-Sheep,COL,FDA NARMS 2020-2022 minor species,https://www.fda.gov/media/183419/download?attachment=; frozen cohort minor-2020-Escherichia-coli-Sheep-COL,Observed categories; ceiling summaries derived by reporting-audit,Dessai et al. 2024 p.22; manufacturer CMV5AGNF layout
minor-2020-Escherichia-coli-Sheep-COL,CMV5AGNF-COL,4,0,false,ceiling,2020-Escherichia-coli-Sheep,COL,FDA NARMS 2020-2022 minor species,https://www.fda.gov/media/183419/download?attachment=; frozen cohort minor-2020-Escherichia-coli-Sheep-COL,Observed categories; ceiling summaries derived by reporting-audit,Dessai et al. 2024 p.22; manufacturer CMV5AGNF layout
minor-2020-Escherichia-coli-Sheep-COL,CMV5AGNF-COL,8,0,false,ceiling,2020-Escherichia-coli-Sheep,COL,FDA NARMS 2020-2022 minor species,https://www.fda.gov/media/183419/download?attachment=; frozen cohort minor-2020-Escherichia-coli-Sheep-COL,Observed categories; ceiling summaries derived by reporting-audit,Dessai et al. 2024 p.22; manufacturer CMV5AGNF layout
minor-2020-Escherichia-coli-Sheep-COL,CMV5AGNF-COL,>8,0,false,ceiling,2020-Escherichia-coli-Sheep,COL,FDA NARMS 2020-2022 minor species,https://www.fda.gov/media/183419/download?attachment=; frozen cohort minor-2020-Escherichia-coli-Sheep-COL,Observed categories; ceiling summaries derived by reporting-audit,Dessai et al. 2024 p.22; manufacturer CMV5AGNF layout
minor-2020-Escherichia-coli-Sheep-FIS,CMV5AGNF-FIS,<=16,25,false,ceiling,2020-Escherichia-coli-Sheep,FIS,FDA NARMS 2020-2022 minor species,https://www.fda.gov/media/183419/download?attachment=; frozen cohort minor-2020-Escherichia-coli-Sheep-FIS,Observed categories; ceiling summaries derived by reporting-audit,Dessai et al. 2024 p.22; manufacturer CMV5AGNF layout
minor-2020-Escherichia-coli-Sheep-FIS,CMV5AGNF-FIS,32,4,false,ceiling,2020-Escherichia-coli-Sheep,FIS,FDA NARMS 2020-2022 minor species,https://www.fda.gov/media/183419/download?attachment=; frozen cohort minor-2020-Escherichia-coli-Sheep-FIS,Observed categories; ceiling summaries derived by reporting-audit,Dessai et al. 2024 p.22; manufacturer CMV5AGNF layout
minor-2020-Escherichia-coli-Sheep-FIS,CMV5AGNF-FIS,64,0,false,ceiling,2020-Escherichia-coli-Sheep,FIS,FDA NARMS 2020-2022 minor species,https://www.fda.gov/media/183419/download?attachment=; frozen cohort minor-2020-Escherichia-coli-Sheep-FIS,Observed categories; ceiling summaries derived by reporting-audit,Dessai et al. 2024 p.22; manufacturer CMV5AGNF layout
minor-2020-Escherichia-coli-Sheep-FIS,CMV5AGNF-FIS,128,0,false,ceiling,2020-Escherichia-coli-Sheep,FIS,FDA NARMS 2020-2022 minor species,https://www.fda.gov/media/183419/download?attachment=; frozen cohort minor-2020-Escherichia-coli-Sheep-FIS,Observed categories; ceiling summaries derived by reporting-audit,Dessai et al. 2024 p.22; manufacturer CMV5AGNF layout
minor-2020-Escherichia-coli-Sheep-FIS,CMV5AGNF-FIS,256,0,false,ceiling,2020-Escherichia-coli-Sheep,FIS,FDA NARMS 2020-2022 minor species,https://www.fda.gov/media/183419/download?attachment=; frozen cohort minor-2020-Escherichia-coli-Sheep-FIS,Observed categories; ceiling summaries derived by reporting-audit,Dessai et al. 2024 p.22; manufacturer CMV5AGNF layout
minor-2020-Escherichia-coli-Sheep-FIS,CMV5AGNF-FIS,>256,5,false,ceiling,2020-Escherichia-coli-Sheep,FIS,FDA NARMS 2020-2022 minor species,https://www.fda.gov/media/183419/download?attachment=; frozen cohort minor-2020-Escherichia-coli-Sheep-FIS,Observed categories; ceiling summaries derived by reporting-audit,Dessai et al. 2024 p.22; manufacturer CMV5AGNF layout
minor-2020-Escherichia-coli-Sheep-FOX,CMV5AGNF-FOX,<=1,0,false,ceiling,2020-Escherichia-coli-Sheep,FOX,FDA NARMS 2020-2022 minor species,https://www.fda.gov/media/183419/download?attachment=; frozen cohort minor-2020-Escherichia-coli-Sheep-FOX,Observed categories; ceiling summaries derived by reporting-audit,Dessai et al. 2024 p.22; manufacturer CMV5AGNF layout
minor-2020-Escherichia-coli-Sheep-FOX,CMV5AGNF-FOX,2,3,false,ceiling,2020-Escherichia-coli-Sheep,FOX,FDA NARMS 2020-2022 minor species,https://www.fda.gov/media/183419/download?attachment=; frozen cohort minor-2020-Escherichia-coli-Sheep-FOX,Observed categories; ceiling summaries derived by reporting-audit,Dessai et al. 2024 p.22; manufacturer CMV5AGNF layout
minor-2020-Escherichia-coli-Sheep-FOX,CMV5AGNF-FOX,4,23,false,ceiling,2020-Escherichia-coli-Sheep,FOX,FDA NARMS 2020-2022 minor species,https://www.fda.gov/media/183419/download?attachment=; frozen cohort minor-2020-Escherichia-coli-Sheep-FOX,Observed categories; ceiling summaries derived by reporting-audit,Dessai et al. 2024 p.22; manufacturer CMV5AGNF layout
minor-2020-Escherichia-coli-Sheep-FOX,CMV5AGNF-FOX,8,6,false,ceiling,2020-Escherichia-coli-Sheep,FOX,FDA NARMS 2020-2022 minor species,https://www.fda.gov/media/183419/download?attachment=; frozen cohort minor-2020-Escherichia-coli-Sheep-FOX,Observed categories; ceiling summaries derived by reporting-audit,Dessai et al. 2024 p.22; manufacturer CMV5AGNF layout
minor-2020-Escherichia-coli-Sheep-FOX,CMV5AGNF-FOX,16,2,false,ceiling,2020-Escherichia-coli-Sheep,FOX,FDA NARMS 2020-2022 minor species,https://www.fda.gov/media/183419/download?attachment=; frozen cohort minor-2020-Escherichia-coli-Sheep-FOX,Observed categories; ceiling summaries derived by reporting-audit,Dessai et al. 2024 p.22; manufacturer CMV5AGNF layout
minor-2020-Escherichia-coli-Sheep-FOX,CMV5AGNF-FOX,32,0,false,ceiling,2020-Escherichia-coli-Sheep,FOX,FDA NARMS 2020-2022 minor species,https://www.fda.gov/media/183419/download?attachment=; frozen cohort minor-2020-Escherichia-coli-Sheep-FOX,Observed categories; ceiling summaries derived by reporting-audit,Dessai et al. 2024 p.22; manufacturer CMV5AGNF layout
minor-2020-Escherichia-coli-Sheep-FOX,CMV5AGNF-FOX,>32,0,false,ceiling,2020-Escherichia-coli-Sheep,FOX,FDA NARMS 2020-2022 minor species,https://www.fda.gov/media/183419/download?attachment=; frozen cohort minor-2020-Escherichia-coli-Sheep-FOX,Observed categories; ceiling summaries derived by reporting-audit,Dessai et al. 2024 p.22; manufacturer CMV5AGNF layout
minor-2020-Escherichia-coli-Sheep-GEN,CMV5AGNF-GEN,<=0.25,0,false,ceiling,2020-Escherichia-coli-Sheep,GEN,FDA NARMS 2020-2022 minor species,https://www.fda.gov/media/183419/download?attachment=; frozen cohort minor-2020-Escherichia-coli-Sheep-GEN,Observed categories; ceiling summaries derived by reporting-audit,Dessai et al. 2024 p.22; manufacturer CMV5AGNF layout
minor-2020-Escherichia-coli-Sheep-GEN,CMV5AGNF-GEN,0.5,21,false,ceiling,2020-Escherichia-coli-Sheep,GEN,FDA NARMS 2020-2022 minor species,https://www.fda.gov/media/183419/download?attachment=; frozen cohort minor-2020-Escherichia-coli-Sheep-GEN,Observed categories; ceiling summaries derived by reporting-audit,Dessai et al. 2024 p.22; manufacturer CMV5AGNF layout
minor-2020-Escherichia-coli-Sheep-GEN,CMV5AGNF-GEN,1,13,false,ceiling,2020-Escherichia-coli-Sheep,GEN,FDA NARMS 2020-2022 minor species,https://www.fda.gov/media/183419/download?attachment=; frozen cohort minor-2020-Escherichia-coli-Sheep-GEN,Observed categories; ceiling summaries derived by reporting-audit,Dessai et al. 2024 p.22; manufacturer CMV5AGNF layout
minor-2020-Escherichia-coli-Sheep-GEN,CMV5AGNF-GEN,2,0,false,ceiling,2020-Escherichia-coli-Sheep,GEN,FDA NARMS 2020-2022 minor species,https://www.fda.gov/media/183419/download?attachment=; frozen cohort minor-2020-Escherichia-coli-Sheep-GEN,Observed categories; ceiling summaries derived by reporting-audit,Dessai et al. 2024 p.22; manufacturer CMV5AGNF layout
minor-2020-Escherichia-coli-Sheep-GEN,CMV5AGNF-GEN,4,0,false,ceiling,2020-Escherichia-coli-Sheep,GEN,FDA NARMS 2020-2022 minor species,https://www.fda.gov/media/183419/download?attachment=; frozen cohort minor-2020-Escherichia-coli-Sheep-GEN,Observed categories; ceiling summaries derived by reporting-audit,Dessai et al. 2024 p.22; manufacturer CMV5AGNF layout
minor-2020-Escherichia-coli-Sheep-GEN,CMV5AGNF-GEN,8,0,false,ceiling,2020-Escherichia-coli-Sheep,GEN,FDA NARMS 2020-2022 minor species,https://www.fda.gov/media/183419/download?attachment=; frozen cohort minor-2020-Escherichia-coli-Sheep-GEN,Observed categories; ceiling summaries derived by reporting-audit,Dessai et al. 2024 p.22; manufacturer CMV5AGNF layout
minor-2020-Escherichia-coli-Sheep-GEN,CMV5AGNF-GEN,16,0,false,ceiling,2020-Escherichia-coli-Sheep,GEN,FDA NARMS 2020-2022 minor species,https://www.fda.gov/media/183419/download?attachment=; frozen cohort minor-2020-Escherichia-coli-Sheep-GEN,Observed categories; ceiling summaries derived by reporting-audit,Dessai et al. 2024 p.22; manufacturer CMV5AGNF layout
minor-2020-Escherichia-coli-Sheep-GEN,CMV5AGNF-GEN,>16,0,false,ceiling,2020-Escherichia-coli-Sheep,GEN,FDA NARMS 2020-2022 minor species,https://www.fda.gov/media/183419/download?attachment=; frozen cohort minor-2020-Escherichia-coli-Sheep-GEN,Observed categories; ceiling summaries derived by reporting-audit,Dessai et al. 2024 p.22; manufacturer CMV5AGNF layout
minor-2020-Escherichia-coli-Sheep-NAL,CMV5AGNF-NAL,<=0.5,0,false,ceiling,2020-Escherichia-coli-Sheep,NAL,FDA NARMS 2020-2022 minor species,https://www.fda.gov/media/183419/download?attachment=; frozen cohort minor-2020-Escherichia-coli-Sheep-NAL,Observed categories; ceiling summaries derived by reporting-audit,Dessai et al. 2024 p.22; manufacturer CMV5AGNF layout
minor-2020-Escherichia-coli-Sheep-NAL,CMV5AGNF-NAL,1,5,false,ceiling,2020-Escherichia-coli-Sheep,NAL,FDA NARMS 2020-2022 minor species,https://www.fda.gov/media/183419/download?attachment=; frozen cohort minor-2020-Escherichia-coli-Sheep-NAL,Observed categories; ceiling summaries derived by reporting-audit,Dessai et al. 2024 p.22; manufacturer CMV5AGNF layout
minor-2020-Escherichia-coli-Sheep-NAL,CMV5AGNF-NAL,2,25,false,ceiling,2020-Escherichia-coli-Sheep,NAL,FDA NARMS 2020-2022 minor species,https://www.fda.gov/media/183419/download?attachment=; frozen cohort minor-2020-Escherichia-coli-Sheep-NAL,Observed categories; ceiling summaries derived by reporting-audit,Dessai et al. 2024 p.22; manufacturer CMV5AGNF layout
minor-2020-Escherichia-coli-Sheep-NAL,CMV5AGNF-NAL,4,4,false,ceiling,2020-Escherichia-coli-Sheep,NAL,FDA NARMS 2020-2022 minor species,https://www.fda.gov/media/183419/download?attachment=; frozen cohort minor-2020-Escherichia-coli-Sheep-NAL,Observed categories; ceiling summaries derived by reporting-audit,Dessai et al. 2024 p.22; manufacturer CMV5AGNF layout
minor-2020-Escherichia-coli-Sheep-NAL,CMV5AGNF-NAL,8,0,false,ceiling,2020-Escherichia-coli-Sheep,NAL,FDA NARMS 2020-2022 minor species,https://www.fda.gov/media/183419/download?attachment=; frozen cohort minor-2020-Escherichia-coli-Sheep-NAL,Observed categories; ceiling summaries derived by reporting-audit,Dessai et al. 2024 p.22; manufacturer CMV5AGNF layout
minor-2020-Escherichia-coli-Sheep-NAL,CMV5AGNF-NAL,16,0,false,ceiling,2020-Escherichia-coli-Sheep,NAL,FDA NARMS 2020-2022 minor species,https://www.fda.gov/media/183419/download?attachment=; frozen cohort minor-2020-Escherichia-coli-Sheep-NAL,Observed categories; ceiling summaries derived by reporting-audit,Dessai et al. 2024 p.22; manufacturer CMV5AGNF layout
minor-2020-Escherichia-coli-Sheep-NAL,CMV5AGNF-NAL,32,0,false,ceiling,2020-Escherichia-coli-Sheep,NAL,FDA NARMS 2020-2022 minor species,https://www.fda.gov/media/183419/download?attachment=; frozen cohort minor-2020-Escherichia-coli-Sheep-NAL,Observed categories; ceiling summaries derived by reporting-audit,Dessai et al. 2024 p.22; manufacturer CMV5AGNF layout
minor-2020-Escherichia-coli-Sheep-NAL,CMV5AGNF-NAL,>32,0,false,ceiling,2020-Escherichia-coli-Sheep,NAL,FDA NARMS 2020-2022 minor species,https://www.fda.gov/media/183419/download?attachment=; frozen cohort minor-2020-Escherichia-coli-Sheep-NAL,Observed categories; ceiling summaries derived by reporting-audit,Dessai et al. 2024 p.22; manufacturer CMV5AGNF layout
minor-2020-Escherichia-coli-Sheep-TET,CMV5AGNF-TET,<=4,22,false,ceiling,2020-Escherichia-coli-Sheep,TET,FDA NARMS 2020-2022 minor species,https://www.fda.gov/media/183419/download?attachment=; frozen cohort minor-2020-Escherichia-coli-Sheep-TET,Observed categories; ceiling summaries derived by reporting-audit,Dessai et al. 2024 p.22; manufacturer CMV5AGNF layout
minor-2020-Escherichia-coli-Sheep-TET,CMV5AGNF-TET,8,1,false,ceiling,2020-Escherichia-coli-Sheep,TET,FDA NARMS 2020-2022 minor species,https://www.fda.gov/media/183419/download?attachment=; frozen cohort minor-2020-Escherichia-coli-Sheep-TET,Observed categories; ceiling summaries derived by reporting-audit,Dessai et al. 2024 p.22; manufacturer CMV5AGNF layout
minor-2020-Escherichia-coli-Sheep-TET,CMV5AGNF-TET,16,0,false,ceiling,2020-Escherichia-coli-Sheep,TET,FDA NARMS 2020-2022 minor species,https://www.fda.gov/media/183419/download?attachment=; frozen cohort minor-2020-Escherichia-coli-Sheep-TET,Observed categories; ceiling summaries derived by reporting-audit,Dessai et al. 2024 p.22; manufacturer CMV5AGNF layout
minor-2020-Escherichia-coli-Sheep-TET,CMV5AGNF-TET,32,0,false,ceiling,2020-Escherichia-coli-Sheep,TET,FDA NARMS 2020-2022 minor species,https://www.fda.gov/media/183419/download?attachment=; frozen cohort minor-2020-Escherichia-coli-Sheep-TET,Observed categories; ceiling summaries derived by reporting-audit,Dessai et al. 2024 p.22; manufacturer CMV5AGNF layout
minor-2020-Escherichia-coli-Sheep-TET,CMV5AGNF-TET,>32,11,false,ceiling,2020-Escherichia-coli-Sheep,TET,FDA NARMS 2020-2022 minor species,https://www.fda.gov/media/183419/download?attachment=; frozen cohort minor-2020-Escherichia-coli-Sheep-TET,Observed categories; ceiling summaries derived by reporting-audit,Dessai et al. 2024 p.22; manufacturer CMV5AGNF layout
minor-2020-Salmonella-species-unspecified-Goats-AMP,CMV5AGNF-AMP,<=1,14,false,ceiling,2020-Salmonella-species-unspecified-Goats,AMP,FDA NARMS 2020-2022 minor species,https://www.fda.gov/media/183419/download?attachment=; frozen cohort minor-2020-Salmonella-species-unspecified-Goats-AMP,Observed categories; ceiling summaries derived by reporting-audit,Dessai et al. 2024 p.22; manufacturer CMV5AGNF layout
minor-2020-Salmonella-species-unspecified-Goats-AMP,CMV5AGNF-AMP,2,2,false,ceiling,2020-Salmonella-species-unspecified-Goats,AMP,FDA NARMS 2020-2022 minor species,https://www.fda.gov/media/183419/download?attachment=; frozen cohort minor-2020-Salmonella-species-unspecified-Goats-AMP,Observed categories; ceiling summaries derived by reporting-audit,Dessai et al. 2024 p.22; manufacturer CMV5AGNF layout
minor-2020-Salmonella-species-unspecified-Goats-AMP,CMV5AGNF-AMP,4,0,false,ceiling,2020-Salmonella-species-unspecified-Goats,AMP,FDA NARMS 2020-2022 minor species,https://www.fda.gov/media/183419/download?attachment=; frozen cohort minor-2020-Salmonella-species-unspecified-Goats-AMP,Observed categories; ceiling summaries derived by reporting-audit,Dessai et al. 2024 p.22; manufacturer CMV5AGNF layout
minor-2020-Salmonella-species-unspecified-Goats-AMP,CMV5AGNF-AMP,8,0,false,ceiling,2020-Salmonella-species-unspecified-Goats,AMP,FDA NARMS 2020-2022 minor species,https://www.fda.gov/media/183419/download?attachment=; frozen cohort minor-2020-Salmonella-species-unspecified-Goats-AMP,Observed categories; ceiling summaries derived by reporting-audit,Dessai et al. 2024 p.22; manufacturer CMV5AGNF layout
minor-2020-Salmonella-species-unspecified-Goats-AMP,CMV5AGNF-AMP,16,0,false,ceiling,2020-Salmonella-species-unspecified-Goats,AMP,FDA NARMS 2020-2022 minor species,https://www.fda.gov/media/183419/download?attachment=; frozen cohort minor-2020-Salmonella-species-unspecified-Goats-AMP,Observed categories; ceiling summaries derived by reporting-audit,Dessai et al. 2024 p.22; manufacturer CMV5AGNF layout
minor-2020-Salmonella-species-unspecified-Goats-AMP,CMV5AGNF-AMP,32,0,false,ceiling,2020-Salmonella-species-unspecified-Goats,AMP,FDA NARMS 2020-2022 minor species,https://www.fda.gov/media/183419/download?attachment=; frozen cohort minor-2020-Salmonella-species-unspecified-Goats-AMP,Observed categories; ceiling summaries derived by reporting-audit,Dessai et al. 2024 p.22; manufacturer CMV5AGNF layout
minor-2020-Salmonella-species-unspecified-Goats-AMP,CMV5AGNF-AMP,>32,0,false,ceiling,2020-Salmonella-species-unspecified-Goats,AMP,FDA NARMS 2020-2022 minor species,https://www.fda.gov/media/183419/download?attachment=; frozen cohort minor-2020-Salmonella-species-unspecified-Goats-AMP,Observed categories; ceiling summaries derived by reporting-audit,Dessai et al. 2024 p.22; manufacturer CMV5AGNF layout
minor-2020-Salmonella-species-unspecified-Goats-AXO,CMV5AGNF-AXO,<=0.25,16,false,ceiling,2020-Salmonella-species-unspecified-Goats,AXO,FDA NARMS 2020-2022 minor species,https://www.fda.gov/media/183419/download?attachment=; frozen cohort minor-2020-Salmonella-species-unspecified-Goats-AXO,Observed categories; ceiling summaries derived by reporting-audit,Dessai et al. 2024 p.22; manufacturer CMV5AGNF layout
minor-2020-Salmonella-species-unspecified-Goats-AXO,CMV5AGNF-AXO,0.5,0,false,ceiling,2020-Salmonella-species-unspecified-Goats,AXO,FDA NARMS 2020-2022 minor species,https://www.fda.gov/media/183419/download?attachment=; frozen cohort minor-2020-Salmonella-species-unspecified-Goats-AXO,Observed categories; ceiling summaries derived by reporting-audit,Dessai et al. 2024 p.22; manufacturer CMV5AGNF layout
minor-2020-Salmonella-species-unspecified-Goats-AXO,CMV5AGNF-AXO,1,0,false,ceiling,2020-Salmonella-species-unspecified-Goats,AXO,FDA NARMS 2020-2022 minor species,https://www.fda.gov/media/183419/download?attachment=; frozen cohort minor-2020-Salmonella-species-unspecified-Goats-AXO,Observed categories; ceiling summaries derived by reporting-audit,Dessai et al. 2024 p.22; manufacturer CMV5AGNF layout
minor-2020-Salmonella-species-unspecified-Goats-AXO,CMV5AGNF-AXO,2,0,false,ceiling,2020-Salmonella-species-unspecified-Goats,AXO,FDA NARMS 2020-2022 minor species,https://www.fda.gov/media/183419/download?attachment=; frozen cohort minor-2020-Salmonella-species-unspecified-Goats-AXO,Observed categories; ceiling summaries derived by reporting-audit,Dessai et al. 2024 p.22; manufacturer CMV5AGNF layout
minor-2020-Salmonella-species-unspecified-Goats-AXO,CMV5AGNF-AXO,4,0,false,ceiling,2020-Salmonella-species-unspecified-Goats,AXO,FDA NARMS 2020-2022 minor species,https://www.fda.gov/media/183419/download?attachment=; frozen cohort minor-2020-Salmonella-species-unspecified-Goats-AXO,Observed categories; ceiling summaries derived by reporting-audit,Dessai et al. 2024 p.22; manufacturer CMV5AGNF layout
minor-2020-Salmonella-species-unspecified-Goats-AXO,CMV5AGNF-AXO,8,0,false,ceiling,2020-Salmonella-species-unspecified-Goats,AXO,FDA NARMS 2020-2022 minor species,https://www.fda.gov/media/183419/download?attachment=; frozen cohort minor-2020-Salmonella-species-unspecified-Goats-AXO,Observed categories; ceiling summaries derived by reporting-audit,Dessai et al. 2024 p.22; manufacturer CMV5AGNF layout
minor-2020-Salmonella-species-unspecified-Goats-AXO,CMV5AGNF-AXO,16,0,false,ceiling,2020-Salmonella-species-unspecified-Goats,AXO,FDA NARMS 2020-2022 minor species,https://www.fda.gov/media/183419/download?attachment=; frozen cohort minor-2020-Salmonella-species-unspecified-Goats-AXO,Observed categories; ceiling summaries derived by reporting-audit,Dessai et al. 2024 p.22; manufacturer CMV5AGNF layout
minor-2020-Salmonella-species-unspecified-Goats-AXO,CMV5AGNF-AXO,32,0,false,ceiling,2020-Salmonella-species-unspecified-Goats,AXO,FDA NARMS 2020-2022 minor species,https://www.fda.gov/media/183419/download?attachment=; frozen cohort minor-2020-Salmonella-species-unspecified-Goats-AXO,Observed categories; ceiling summaries derived by reporting-audit,Dessai et al. 2024 p.22; manufacturer CMV5AGNF layout
minor-2020-Salmonella-species-unspecified-Goats-AXO,CMV5AGNF-AXO,64,0,false,ceiling,2020-Salmonella-species-unspecified-Goats,AXO,FDA NARMS 2020-2022 minor species,https://www.fda.gov/media/183419/download?attachment=; frozen cohort minor-2020-Salmonella-species-unspecified-Goats-AXO,Observed categories; ceiling summaries derived by reporting-audit,Dessai et al. 2024 p.22; manufacturer CMV5AGNF layout
minor-2020-Salmonella-species-unspecified-Goats-AXO,CMV5AGNF-AXO,>64,0,false,ceiling,2020-Salmonella-species-unspecified-Goats,AXO,FDA NARMS 2020-2022 minor species,https://www.fda.gov/media/183419/download?attachment=; frozen cohort minor-2020-Salmonella-species-unspecified-Goats-AXO,Observed categories; ceiling summaries derived by reporting-audit,Dessai et al. 2024 p.22; manufacturer CMV5AGNF layout
minor-2020-Salmonella-species-unspecified-Goats-AZI,CMV5AGNF-AZI,<=0.25,0,false,ceiling,2020-Salmonella-species-unspecified-Goats,AZI,FDA NARMS 2020-2022 minor species,https://www.fda.gov/media/183419/download?attachment=; frozen cohort minor-2020-Salmonella-species-unspecified-Goats-AZI,Observed categories; ceiling summaries derived by reporting-audit,Dessai et al. 2024 p.22; manufacturer CMV5AGNF layout
minor-2020-Salmonella-species-unspecified-Goats-AZI,CMV5AGNF-AZI,0.5,0,false,ceiling,2020-Salmonella-species-unspecified-Goats,AZI,FDA NARMS 2020-2022 minor species,https://www.fda.gov/media/183419/download?attachment=; frozen cohort minor-2020-Salmonella-species-unspecified-Goats-AZI,Observed categories; ceiling summaries derived by reporting-audit,Dessai et al. 2024 p.22; manufacturer CMV5AGNF layout
minor-2020-Salmonella-species-unspecified-Goats-AZI,CMV5AGNF-AZI,1,0,false,ceiling,2020-Salmonella-species-unspecified-Goats,AZI,FDA NARMS 2020-2022 minor species,https://www.fda.gov/media/183419/download?attachment=; frozen cohort minor-2020-Salmonella-species-unspecified-Goats-AZI,Observed categories; ceiling summaries derived by reporting-audit,Dessai et al. 2024 p.22; manufacturer CMV5AGNF layout
minor-2020-Salmonella-species-unspecified-Goats-AZI,CMV5AGNF-AZI,2,3,false,ceiling,2020-Salmonella-species-unspecified-Goats,AZI,FDA NARMS 2020-2022 minor species,https://www.fda.gov/media/183419/download?attachment=; frozen cohort minor-2020-Salmonella-species-unspecified-Goats-AZI,Observed categories; ceiling summaries derived by reporting-audit,Dessai et al. 2024 p.22; manufacturer CMV5AGNF layout
minor-2020-Salmonella-species-unspecified-Goats-AZI,CMV5AGNF-AZI,4,11,false,ceiling,2020-Salmonella-species-unspecified-Goats,AZI,FDA NARMS 2020-2022 minor species,https://www.fda.gov/media/183419/download?attachment=; frozen cohort minor-2020-Salmonella-species-unspecified-Goats-AZI,Observed categories; ceiling summaries derived by reporting-audit,Dessai et al. 2024 p.22; manufacturer CMV5AGNF layout
minor-2020-Salmonella-species-unspecified-Goats-AZI,CMV5AGNF-AZI,8,2,false,ceiling,2020-Salmonella-species-unspecified-Goats,AZI,FDA NARMS 2020-2022 minor species,https://www.fda.gov/media/183419/download?attachment=; frozen cohort minor-2020-Salmonella-species-unspecified-Goats-AZI,Observed categories; ceiling summaries derived by reporting-audit,Dessai et al. 2024 p.22; manufacturer CMV5AGNF layout
minor-2020-Salmonella-species-unspecified-Goats-AZI,CMV5AGNF-AZI,16,0,false,ceiling,2020-Salmonella-species-unspecified-Goats,AZI,FDA NARMS 2020-2022 minor species,https://www.fda.gov/media/183419/download?attachment=; frozen cohort minor-2020-Salmonella-species-unspecified-Goats-AZI,Observed categories; ceiling summaries derived by reporting-audit,Dessai et al. 2024 p.22; manufacturer CMV5AGNF layout
minor-2020-Salmonella-species-unspecified-Goats-AZI,CMV5AGNF-AZI,32,0,false,ceiling,2020-Salmonella-species-unspecified-Goats,AZI,FDA NARMS 2020-2022 minor species,https://www.fda.gov/media/183419/download?attachment=; frozen cohort minor-2020-Salmonella-species-unspecified-Goats-AZI,Observed categories; ceiling summaries derived by reporting-audit,Dessai et al. 2024 p.22; manufacturer CMV5AGNF layout
minor-2020-Salmonella-species-unspecified-Goats-AZI,CMV5AGNF-AZI,64,0,false,ceiling,2020-Salmonella-species-unspecified-Goats,AZI,FDA NARMS 2020-2022 minor species,https://www.fda.gov/media/183419/download?attachment=; frozen cohort minor-2020-Salmonella-species-unspecified-Goats-AZI,Observed categories; ceiling summaries derived by reporting-audit,Dessai et al. 2024 p.22; manufacturer CMV5AGNF layout
minor-2020-Salmonella-species-unspecified-Goats-AZI,CMV5AGNF-AZI,>64,0,false,ceiling,2020-Salmonella-species-unspecified-Goats,AZI,FDA NARMS 2020-2022 minor species,https://www.fda.gov/media/183419/download?attachment=; frozen cohort minor-2020-Salmonella-species-unspecified-Goats-AZI,Observed categories; ceiling summaries derived by reporting-audit,Dessai et al. 2024 p.22; manufacturer CMV5AGNF layout
minor-2020-Salmonella-species-unspecified-Goats-CHL,CMV5AGNF-CHL,<=2,0,false,ceiling,2020-Salmonella-species-unspecified-Goats,CHL,FDA NARMS 2020-2022 minor species,https://www.fda.gov/media/183419/download?attachment=; frozen cohort minor-2020-Salmonella-species-unspecified-Goats-CHL,Observed categories; ceiling summaries derived by reporting-audit,Dessai et al. 2024 p.22; manufacturer CMV5AGNF layout
minor-2020-Salmonella-species-unspecified-Goats-CHL,CMV5AGNF-CHL,4,6,false,ceiling,2020-Salmonella-species-unspecified-Goats,CHL,FDA NARMS 2020-2022 minor species,https://www.fda.gov/media/183419/download?attachment=; frozen cohort minor-2020-Salmonella-species-unspecified-Goats-CHL,Observed categories; ceiling summaries derived by reporting-audit,Dessai et al. 2024 p.22; manufacturer CMV5AGNF layout
minor-2020-Salmonella-species-unspecified-Goats-CHL,CMV5AGNF-CHL,8,10,false,ceiling,2020-Salmonella-species-unspecified-Goats,CHL,FDA NARMS 2020-2022 minor species,https://www.fda.gov/media/183419/download?attachment=; frozen cohort minor-2020-Salmonella-species-unspecified-Goats-CHL,Observed categories; ceiling summaries derived by reporting-audit,Dessai et al. 2024 p.22; manufacturer CMV5AGNF layout
minor-2020-Salmonella-species-unspecified-Goats-CHL,CMV5AGNF-CHL,16,0,false,ceiling,2020-Salmonella-species-unspecified-Goats,CHL,FDA NARMS 2020-2022 minor species,https://www.fda.gov/media/183419/download?attachment=; frozen cohort minor-2020-Salmonella-species-unspecified-Goats-CHL,Observed categories; ceiling summaries derived by reporting-audit,Dessai et al. 2024 p.22; manufacturer CMV5AGNF layout
minor-2020-Salmonella-species-unspecified-Goats-CHL,CMV5AGNF-CHL,32,0,false,ceiling,2020-Salmonella-species-unspecified-Goats,CHL,FDA NARMS 2020-2022 minor species,https://www.fda.gov/media/183419/download?attachment=; frozen cohort minor-2020-Salmonella-species-unspecified-Goats-CHL,Observed categories; ceiling summaries derived by reporting-audit,Dessai et al. 2024 p.22; manufacturer CMV5AGNF layout
minor-2020-Salmonella-species-unspecified-Goats-CHL,CMV5AGNF-CHL,>32,0,false,ceiling,2020-Salmonella-species-unspecified-Goats,CHL,FDA NARMS 2020-2022 minor species,https://www.fda.gov/media/183419/download?attachment=; frozen cohort minor-2020-Salmonella-species-unspecified-Goats-CHL,Observed categories; ceiling summaries derived by reporting-audit,Dessai et al. 2024 p.22; manufacturer CMV5AGNF layout
minor-2020-Salmonella-species-unspecified-Goats-COL,CMV5AGNF-COL,<=0.25,10,false,ceiling,2020-Salmonella-species-unspecified-Goats,COL,FDA NARMS 2020-2022 minor species,https://www.fda.gov/media/183419/download?attachment=; frozen cohort minor-2020-Salmonella-species-unspecified-Goats-COL,Observed categories; ceiling summaries derived by reporting-audit,Dessai et al. 2024 p.22; manufacturer CMV5AGNF layout
minor-2020-Salmonella-species-unspecified-Goats-COL,CMV5AGNF-COL,0.5,5,false,ceiling,2020-Salmonella-species-unspecified-Goats,COL,FDA NARMS 2020-2022 minor species,https://www.fda.gov/media/183419/download?attachment=; frozen cohort minor-2020-Salmonella-species-unspecified-Goats-COL,Observed categories; ceiling summaries derived by reporting-audit,Dessai et al. 2024 p.22; manufacturer CMV5AGNF layout
minor-2020-Salmonella-species-unspecified-Goats-COL,CMV5AGNF-COL,1,0,false,ceiling,2020-Salmonella-species-unspecified-Goats,COL,FDA NARMS 2020-2022 minor species,https://www.fda.gov/media/183419/download?attachment=; frozen cohort minor-2020-Salmonella-species-unspecified-Goats-COL,Observed categories; ceiling summaries derived by reporting-audit,Dessai et al. 2024 p.22; manufacturer CMV5AGNF layout
minor-2020-Salmonella-species-unspecified-Goats-COL,CMV5AGNF-COL,2,1,false,ceiling,2020-Salmonella-species-unspecified-Goats,COL,FDA NARMS 2020-2022 minor species,https://www.fda.gov/media/183419/download?attachment=; frozen cohort minor-2020-Salmonella-species-unspecified-Goats-COL,Observed categories; ceiling summaries derived by reporting-audit,Dessai et al. 2024 p.22; manufacturer CMV5AGNF layout
minor-2020-Salmonella-species-unspecified-Goats-COL,CMV5AGNF-COL,4,0,false,ceiling,2020-Salmonella-species-unspecified-Goats,COL,FDA NARMS 2020-2022 minor species,https://www.fda.gov/media/183419/download?attachment=; frozen cohort minor-2020-Salmonella-species-unspecified-Goats-COL,Observed categories; ceiling summaries derived by reporting-audit,Dessai et al. 2024 p.22; manufacturer CMV5AGNF layout
minor-2020-Salmonella-species-unspecified-Goats-COL,CMV5AGNF-COL,8,0,false,ceiling,2020-Salmonella-species-unspecified-Goats,COL,FDA NARMS 2020-2022 minor species,https://www.fda.gov/media/183419/download?attachment=; frozen cohort minor-2020-Salmonella-species-unspecified-Goats-COL,Observed categories; ceiling summaries derived by reporting-audit,Dessai et al. 2024 p.22; manufacturer CMV5AGNF layout
minor-2020-Salmonella-species-unspecified-Goats-COL,CMV5AGNF-COL,>8,0,false,ceiling,2020-Salmonella-species-unspecified-Goats,COL,FDA NARMS 2020-2022 minor species,https://www.fda.gov/media/183419/download?attachment=; frozen cohort minor-2020-Salmonella-species-unspecified-Goats-COL,Observed categories; ceiling summaries derived by reporting-audit,Dessai et al. 2024 p.22; manufacturer CMV5AGNF layout
minor-2020-Salmonella-species-unspecified-Goats-FIS,CMV5AGNF-FIS,<=16,10,false,ceiling,2020-Salmonella-species-unspecified-Goats,FIS,FDA NARMS 2020-2022 minor species,https://www.fda.gov/media/183419/download?attachment=; frozen cohort minor-2020-Salmonella-species-unspecified-Goats-FIS,Observed categories; ceiling summaries derived by reporting-audit,Dessai et al. 2024 p.22; manufacturer CMV5AGNF layout
minor-2020-Salmonella-species-unspecified-Goats-FIS,CMV5AGNF-FIS,32,5,false,ceiling,2020-Salmonella-species-unspecified-Goats,FIS,FDA NARMS 2020-2022 minor species,https://www.fda.gov/media/183419/download?attachment=; frozen cohort minor-2020-Salmonella-species-unspecified-Goats-FIS,Observed categories; ceiling summaries derived by reporting-audit,Dessai et al. 2024 p.22; manufacturer CMV5AGNF layout
minor-2020-Salmonella-species-unspecified-Goats-FIS,CMV5AGNF-FIS,64,0,false,ceiling,2020-Salmonella-species-unspecified-Goats,FIS,FDA NARMS 2020-2022 minor species,https://www.fda.gov/media/183419/download?attachment=; frozen cohort minor-2020-Salmonella-species-unspecified-Goats-FIS,Observed categories; ceiling summaries derived by reporting-audit,Dessai et al. 2024 p.22; manufacturer CMV5AGNF layout
minor-2020-Salmonella-species-unspecified-Goats-FIS,CMV5AGNF-FIS,128,0,false,ceiling,2020-Salmonella-species-unspecified-Goats,FIS,FDA NARMS 2020-2022 minor species,https://www.fda.gov/media/183419/download?attachment=; frozen cohort minor-2020-Salmonella-species-unspecified-Goats-FIS,Observed categories; ceiling summaries derived by reporting-audit,Dessai et al. 2024 p.22; manufacturer CMV5AGNF layout
minor-2020-Salmonella-species-unspecified-Goats-FIS,CMV5AGNF-FIS,256,0,false,ceiling,2020-Salmonella-species-unspecified-Goats,FIS,FDA NARMS 2020-2022 minor species,https://www.fda.gov/media/183419/download?attachment=; frozen cohort minor-2020-Salmonella-species-unspecified-Goats-FIS,Observed categories; ceiling summaries derived by reporting-audit,Dessai et al. 2024 p.22; manufacturer CMV5AGNF layout
minor-2020-Salmonella-species-unspecified-Goats-FIS,CMV5AGNF-FIS,>256,1,false,ceiling,2020-Salmonella-species-unspecified-Goats,FIS,FDA NARMS 2020-2022 minor species,https://www.fda.gov/media/183419/download?attachment=; frozen cohort minor-2020-Salmonella-species-unspecified-Goats-FIS,Observed categories; ceiling summaries derived by reporting-audit,Dessai et al. 2024 p.22; manufacturer CMV5AGNF layout
minor-2020-Salmonella-species-unspecified-Goats-FOX,CMV5AGNF-FOX,<=1,0,false,ceiling,2020-Salmonella-species-unspecified-Goats,FOX,FDA NARMS 2020-2022 minor species,https://www.fda.gov/media/183419/download?attachment=; frozen cohort minor-2020-Salmonella-species-unspecified-Goats-FOX,Observed categories; ceiling summaries derived by reporting-audit,Dessai et al. 2024 p.22; manufacturer CMV5AGNF layout
minor-2020-Salmonella-species-unspecified-Goats-FOX,CMV5AGNF-FOX,2,4,false,ceiling,2020-Salmonella-species-unspecified-Goats,FOX,FDA NARMS 2020-2022 minor species,https://www.fda.gov/media/183419/download?attachment=; frozen cohort minor-2020-Salmonella-species-unspecified-Goats-FOX,Observed categories; ceiling summaries derived by reporting-audit,Dessai et al. 2024 p.22; manufacturer CMV5AGNF layout
minor-2020-Salmonella-species-unspecified-Goats-FOX,CMV5AGNF-FOX,4,4,false,ceiling,2020-Salmonella-species-unspecified-Goats,FOX,FDA NARMS 2020-2022 minor species,https://www.fda.gov/media/183419/download?attachment=; frozen cohort minor-2020-Salmonella-species-unspecified-Goats-FOX,Observed categories; ceiling summaries derived by reporting-audit,Dessai et al. 2024 p.22; manufacturer CMV5AGNF layout
minor-2020-Salmonella-species-unspecified-Goats-FOX,CMV5AGNF-FOX,8,7,false,ceiling,2020-Salmonella-species-unspecified-Goats,FOX,FDA NARMS 2020-2022 minor species,https://www.fda.gov/media/183419/download?attachment=; frozen cohort minor-2020-Salmonella-species-unspecified-Goats-FOX,Observed categories; ceiling summaries derived by reporting-audit,Dessai et al. 2024 p.22; manufacturer CMV5AGNF layout
minor-2020-Salmonella-species-unspecified-Goats-FOX,CMV5AGNF-FOX,16,1,false,ceiling,2020-Salmonella-species-unspecified-Goats,FOX,FDA NARMS 2020-2022 minor species,https://www.fda.gov/media/183419/download?attachment=; frozen cohort minor-2020-Salmonella-species-unspecified-Goats-FOX,Observed categories; ceiling summaries derived by reporting-audit,Dessai et al. 2024 p.22; manufacturer CMV5AGNF layout
minor-2020-Salmonella-species-unspecified-Goats-FOX,CMV5AGNF-FOX,32,0,false,ceiling,2020-Salmonella-species-unspecified-Goats,FOX,FDA NARMS 2020-2022 minor species,https://www.fda.gov/media/183419/download?attachment=; frozen cohort minor-2020-Salmonella-species-unspecified-Goats-FOX,Observed categories; ceiling summaries derived by reporting-audit,Dessai et al. 2024 p.22; manufacturer CMV5AGNF layout
minor-2020-Salmonella-species-unspecified-Goats-FOX,CMV5AGNF-FOX,>32,0,false,ceiling,2020-Salmonella-species-unspecified-Goats,FOX,FDA NARMS 2020-2022 minor species,https://www.fda.gov/media/183419/download?attachment=; frozen cohort minor-2020-Salmonella-species-unspecified-Goats-FOX,Observed categories; ceiling summaries derived by reporting-audit,Dessai et al. 2024 p.22; manufacturer CMV5AGNF layout
minor-2020-Salmonella-species-unspecified-Goats-GEN,CMV5AGNF-GEN,<=0.25,2,false,ceiling,2020-Salmonella-species-unspecified-Goats,GEN,FDA NARMS 2020-2022 minor species,https://www.fda.gov/media/183419/download?attachment=; frozen cohort minor-2020-Salmonella-species-unspecified-Goats-GEN,Observed categories; ceiling summaries derived by reporting-audit,Dessai et al. 2024 p.22; manufacturer CMV5AGNF layout
minor-2020-Salmonella-species-unspecified-Goats-GEN,CMV5AGNF-GEN,0.5,14,false,ceiling,2020-Salmonella-species-unspecified-Goats,GEN,FDA NARMS 2020-2022 minor species,https://www.fda.gov/media/183419/download?attachment=; frozen cohort minor-2020-Salmonella-species-unspecified-Goats-GEN,Observed categories; ceiling summaries derived by reporting-audit,Dessai et al. 2024 p.22; manufacturer CMV5AGNF layout
minor-2020-Salmonella-species-unspecified-Goats-GEN,CMV5AGNF-GEN,1,0,false,ceiling,2020-Salmonella-species-unspecified-Goats,GEN,FDA NARMS 2020-2022 minor species,https://www.fda.gov/media/183419/download?attachment=; frozen cohort minor-2020-Salmonella-species-unspecified-Goats-GEN,Observed categories; ceiling summaries derived by reporting-audit,Dessai et al. 2024 p.22; manufacturer CMV5AGNF layout
minor-2020-Salmonella-species-unspecified-Goats-GEN,CMV5AGNF-GEN,2,0,false,ceiling,2020-Salmonella-species-unspecified-Goats,GEN,FDA NARMS 2020-2022 minor species,https://www.fda.gov/media/183419/download?attachment=; frozen cohort minor-2020-Salmonella-species-unspecified-Goats-GEN,Observed categories; ceiling summaries derived by reporting-audit,Dessai et al. 2024 p.22; manufacturer CMV5AGNF layout
minor-2020-Salmonella-species-unspecified-Goats-GEN,CMV5AGNF-GEN,4,0,false,ceiling,2020-Salmonella-species-unspecified-Goats,GEN,FDA NARMS 2020-2022 minor species,https://www.fda.gov/media/183419/download?attachment=; frozen cohort minor-2020-Salmonella-species-unspecified-Goats-GEN,Observed categories; ceiling summaries derived by reporting-audit,Dessai et al. 2024 p.22; manufacturer CMV5AGNF layout
minor-2020-Salmonella-species-unspecified-Goats-GEN,CMV5AGNF-GEN,8,0,false,ceiling,2020-Salmonella-species-unspecified-Goats,GEN,FDA NARMS 2020-2022 minor species,https://www.fda.gov/media/183419/download?attachment=; frozen cohort minor-2020-Salmonella-species-unspecified-Goats-GEN,Observed categories; ceiling summaries derived by reporting-audit,Dessai et al. 2024 p.22; manufacturer CMV5AGNF layout
minor-2020-Salmonella-species-unspecified-Goats-GEN,CMV5AGNF-GEN,16,0,false,ceiling,2020-Salmonella-species-unspecified-Goats,GEN,FDA NARMS 2020-2022 minor species,https://www.fda.gov/media/183419/download?attachment=; frozen cohort minor-2020-Salmonella-species-unspecified-Goats-GEN,Observed categories; ceiling summaries derived by reporting-audit,Dessai et al. 2024 p.22; manufacturer CMV5AGNF layout
minor-2020-Salmonella-species-unspecified-Goats-GEN,CMV5AGNF-GEN,>16,0,false,ceiling,2020-Salmonella-species-unspecified-Goats,GEN,FDA NARMS 2020-2022 minor species,https://www.fda.gov/media/183419/download?attachment=; frozen cohort minor-2020-Salmonella-species-unspecified-Goats-GEN,Observed categories; ceiling summaries derived by reporting-audit,Dessai et al. 2024 p.22; manufacturer CMV5AGNF layout
minor-2020-Salmonella-species-unspecified-Goats-NAL,CMV5AGNF-NAL,<=0.5,0,false,ceiling,2020-Salmonella-species-unspecified-Goats,NAL,FDA NARMS 2020-2022 minor species,https://www.fda.gov/media/183419/download?attachment=; frozen cohort minor-2020-Salmonella-species-unspecified-Goats-NAL,Observed categories; ceiling summaries derived by reporting-audit,Dessai et al. 2024 p.22; manufacturer CMV5AGNF layout
minor-2020-Salmonella-species-unspecified-Goats-NAL,CMV5AGNF-NAL,1,0,false,ceiling,2020-Salmonella-species-unspecified-Goats,NAL,FDA NARMS 2020-2022 minor species,https://www.fda.gov/media/183419/download?attachment=; frozen cohort minor-2020-Salmonella-species-unspecified-Goats-NAL,Observed categories; ceiling summaries derived by reporting-audit,Dessai et al. 2024 p.22; manufacturer CMV5AGNF layout
minor-2020-Salmonella-species-unspecified-Goats-NAL,CMV5AGNF-NAL,2,2,false,ceiling,2020-Salmonella-species-unspecified-Goats,NAL,FDA NARMS 2020-2022 minor species,https://www.fda.gov/media/183419/download?attachment=; frozen cohort minor-2020-Salmonella-species-unspecified-Goats-NAL,Observed categories; ceiling summaries derived by reporting-audit,Dessai et al. 2024 p.22; manufacturer CMV5AGNF layout
minor-2020-Salmonella-species-unspecified-Goats-NAL,CMV5AGNF-NAL,4,14,false,ceiling,2020-Salmonella-species-unspecified-Goats,NAL,FDA NARMS 2020-2022 minor species,https://www.fda.gov/media/183419/download?attachment=; frozen cohort minor-2020-Salmonella-species-unspecified-Goats-NAL,Observed categories; ceiling summaries derived by reporting-audit,Dessai et al. 2024 p.22; manufacturer CMV5AGNF layout
minor-2020-Salmonella-species-unspecified-Goats-NAL,CMV5AGNF-NAL,8,0,false,ceiling,2020-Salmonella-species-unspecified-Goats,NAL,FDA NARMS 2020-2022 minor species,https://www.fda.gov/media/183419/download?attachment=; frozen cohort minor-2020-Salmonella-species-unspecified-Goats-NAL,Observed categories; ceiling summaries derived by reporting-audit,Dessai et al. 2024 p.22; manufacturer CMV5AGNF layout
minor-2020-Salmonella-species-unspecified-Goats-NAL,CMV5AGNF-NAL,16,0,false,ceiling,2020-Salmonella-species-unspecified-Goats,NAL,FDA NARMS 2020-2022 minor species,https://www.fda.gov/media/183419/download?attachment=; frozen cohort minor-2020-Salmonella-species-unspecified-Goats-NAL,Observed categories; ceiling summaries derived by reporting-audit,Dessai et al. 2024 p.22; manufacturer CMV5AGNF layout
minor-2020-Salmonella-species-unspecified-Goats-NAL,CMV5AGNF-NAL,32,0,false,ceiling,2020-Salmonella-species-unspecified-Goats,NAL,FDA NARMS 2020-2022 minor species,https://www.fda.gov/media/183419/download?attachment=; frozen cohort minor-2020-Salmonella-species-unspecified-Goats-NAL,Observed categories; ceiling summaries derived by reporting-audit,Dessai et al. 2024 p.22; manufacturer CMV5AGNF layout
minor-2020-Salmonella-species-unspecified-Goats-NAL,CMV5AGNF-NAL,>32,0,false,ceiling,2020-Salmonella-species-unspecified-Goats,NAL,FDA NARMS 2020-2022 minor species,https://www.fda.gov/media/183419/download?attachment=; frozen cohort minor-2020-Salmonella-species-unspecified-Goats-NAL,Observed categories; ceiling summaries derived by reporting-audit,Dessai et al. 2024 p.22; manufacturer CMV5AGNF layout
minor-2020-Salmonella-species-unspecified-Goats-TET,CMV5AGNF-TET,<=4,14,false,ceiling,2020-Salmonella-species-unspecified-Goats,TET,FDA NARMS 2020-2022 minor species,https://www.fda.gov/media/183419/download?attachment=; frozen cohort minor-2020-Salmonella-species-unspecified-Goats-TET,Observed categories; ceiling summaries derived by reporting-audit,Dessai et al. 2024 p.22; manufacturer CMV5AGNF layout
minor-2020-Salmonella-species-unspecified-Goats-TET,CMV5AGNF-TET,8,0,false,ceiling,2020-Salmonella-species-unspecified-Goats,TET,FDA NARMS 2020-2022 minor species,https://www.fda.gov/media/183419/download?attachment=; frozen cohort minor-2020-Salmonella-species-unspecified-Goats-TET,Observed categories; ceiling summaries derived by reporting-audit,Dessai et al. 2024 p.22; manufacturer CMV5AGNF layout
minor-2020-Salmonella-species-unspecified-Goats-TET,CMV5AGNF-TET,16,0,false,ceiling,2020-Salmonella-species-unspecified-Goats,TET,FDA NARMS 2020-2022 minor species,https://www.fda.gov/media/183419/download?attachment=; frozen cohort minor-2020-Salmonella-species-unspecified-Goats-TET,Observed categories; ceiling summaries derived by reporting-audit,Dessai et al. 2024 p.22; manufacturer CMV5AGNF layout
minor-2020-Salmonella-species-unspecified-Goats-TET,CMV5AGNF-TET,32,1,false,ceiling,2020-Salmonella-species-unspecified-Goats,TET,FDA NARMS 2020-2022 minor species,https://www.fda.gov/media/183419/download?attachment=; frozen cohort minor-2020-Salmonella-species-unspecified-Goats-TET,Observed categories; ceiling summaries derived by reporting-audit,Dessai et al. 2024 p.22; manufacturer CMV5AGNF layout
minor-2020-Salmonella-species-unspecified-Goats-TET,CMV5AGNF-TET,>32,1,false,ceiling,2020-Salmonella-species-unspecified-Goats,TET,FDA NARMS 2020-2022 minor species,https://www.fda.gov/media/183419/download?attachment=; frozen cohort minor-2020-Salmonella-species-unspecified-Goats-TET,Observed categories; ceiling summaries derived by reporting-audit,Dessai et al. 2024 p.22; manufacturer CMV5AGNF layout
minor-2020-Salmonella-species-unspecified-Lambs-AMP,CMV5AGNF-AMP,<=1,24,false,ceiling,2020-Salmonella-species-unspecified-Lambs,AMP,FDA NARMS 2020-2022 minor species,https://www.fda.gov/media/183419/download?attachment=; frozen cohort minor-2020-Salmonella-species-unspecified-Lambs-AMP,Observed categories; ceiling summaries derived by reporting-audit,Dessai et al. 2024 p.22; manufacturer CMV5AGNF layout
minor-2020-Salmonella-species-unspecified-Lambs-AMP,CMV5AGNF-AMP,2,0,false,ceiling,2020-Salmonella-species-unspecified-Lambs,AMP,FDA NARMS 2020-2022 minor species,https://www.fda.gov/media/183419/download?attachment=; frozen cohort minor-2020-Salmonella-species-unspecified-Lambs-AMP,Observed categories; ceiling summaries derived by reporting-audit,Dessai et al. 2024 p.22; manufacturer CMV5AGNF layout
minor-2020-Salmonella-species-unspecified-Lambs-AMP,CMV5AGNF-AMP,4,0,false,ceiling,2020-Salmonella-species-unspecified-Lambs,AMP,FDA NARMS 2020-2022 minor species,https://www.fda.gov/media/183419/download?attachment=; frozen cohort minor-2020-Salmonella-species-unspecified-Lambs-AMP,Observed categories; ceiling summaries derived by reporting-audit,Dessai et al. 2024 p.22; manufacturer CMV5AGNF layout
minor-2020-Salmonella-species-unspecified-Lambs-AMP,CMV5AGNF-AMP,8,0,false,ceiling,2020-Salmonella-species-unspecified-Lambs,AMP,FDA NARMS 2020-2022 minor species,https://www.fda.gov/media/183419/download?attachment=; frozen cohort minor-2020-Salmonella-species-unspecified-Lambs-AMP,Observed categories; ceiling summaries derived by reporting-audit,Dessai et al. 2024 p.22; manufacturer CMV5AGNF layout
minor-2020-Salmonella-species-unspecified-Lambs-AMP,CMV5AGNF-AMP,16,0,false,ceiling,2020-Salmonella-species-unspecified-Lambs,AMP,FDA NARMS 2020-2022 minor species,https://www.fda.gov/media/183419/download?attachment=; frozen cohort minor-2020-Salmonella-species-unspecified-Lambs-AMP,Observed categories; ceiling summaries derived by reporting-audit,Dessai et al. 2024 p.22; manufacturer CMV5AGNF layout
minor-2020-Salmonella-species-unspecified-Lambs-AMP,CMV5AGNF-AMP,32,0,false,ceiling,2020-Salmonella-species-unspecified-Lambs,AMP,FDA NARMS 2020-2022 minor species,https://www.fda.gov/media/183419/download?attachment=; frozen cohort minor-2020-Salmonella-species-unspecified-Lambs-AMP,Observed categories; ceiling summaries derived by reporting-audit,Dessai et al. 2024 p.22; manufacturer CMV5AGNF layout
minor-2020-Salmonella-species-unspecified-Lambs-AMP,CMV5AGNF-AMP,>32,1,false,ceiling,2020-Salmonella-species-unspecified-Lambs,AMP,FDA NARMS 2020-2022 minor species,https://www.fda.gov/media/183419/download?attachment=; frozen cohort minor-2020-Salmonella-species-unspecified-Lambs-AMP,Observed categories; ceiling summaries derived by reporting-audit,Dessai et al. 2024 p.22; manufacturer CMV5AGNF layout
minor-2020-Salmonella-species-unspecified-Lambs-AXO,CMV5AGNF-AXO,<=0.25,24,false,ceiling,2020-Salmonella-species-unspecified-Lambs,AXO,FDA NARMS 2020-2022 minor species,https://www.fda.gov/media/183419/download?attachment=; frozen cohort minor-2020-Salmonella-species-unspecified-Lambs-AXO,Observed categories; ceiling summaries derived by reporting-audit,Dessai et al. 2024 p.22; manufacturer CMV5AGNF layout
minor-2020-Salmonella-species-unspecified-Lambs-AXO,CMV5AGNF-AXO,0.5,1,false,ceiling,2020-Salmonella-species-unspecified-Lambs,AXO,FDA NARMS 2020-2022 minor species,https://www.fda.gov/media/183419/download?attachment=; frozen cohort minor-2020-Salmonella-species-unspecified-Lambs-AXO,Observed categories; ceiling summaries derived by reporting-audit,Dessai et al. 2024 p.22; manufacturer CMV5AGNF layout
minor-2020-Salmonella-species-unspecified-Lambs-AXO,CMV5AGNF-AXO,1,0,false,ceiling,2020-Salmonella-species-unspecified-Lambs,AXO,FDA NARMS 2020-2022 minor species,https://www.fda.gov/media/183419/download?attachment=; frozen cohort minor-2020-Salmonella-species-unspecified-Lambs-AXO,Observed categories; ceiling summaries derived by reporting-audit,Dessai et al. 2024 p.22; manufacturer CMV5AGNF layout
minor-2020-Salmonella-species-unspecified-Lambs-AXO,CMV5AGNF-AXO,2,0,false,ceiling,2020-Salmonella-species-unspecified-Lambs,AXO,FDA NARMS 2020-2022 minor species,https://www.fda.gov/media/183419/download?attachment=; frozen cohort minor-2020-Salmonella-species-unspecified-Lambs-AXO,Observed categories; ceiling summaries derived by reporting-audit,Dessai et al. 2024 p.22; manufacturer CMV5AGNF layout
minor-2020-Salmonella-species-unspecified-Lambs-AXO,CMV5AGNF-AXO,4,0,false,ceiling,2020-Salmonella-species-unspecified-Lambs,AXO,FDA NARMS 2020-2022 minor species,https://www.fda.gov/media/183419/download?attachment=; frozen cohort minor-2020-Salmonella-species-unspecified-Lambs-AXO,Observed categories; ceiling summaries derived by reporting-audit,Dessai et al. 2024 p.22; manufacturer CMV5AGNF layout
minor-2020-Salmonella-species-unspecified-Lambs-AXO,CMV5AGNF-AXO,8,0,false,ceiling,2020-Salmonella-species-unspecified-Lambs,AXO,FDA NARMS 2020-2022 minor species,https://www.fda.gov/media/183419/download?attachment=; frozen cohort minor-2020-Salmonella-species-unspecified-Lambs-AXO,Observed categories; ceiling summaries derived by reporting-audit,Dessai et al. 2024 p.22; manufacturer CMV5AGNF layout
minor-2020-Salmonella-species-unspecified-Lambs-AXO,CMV5AGNF-AXO,16,0,false,ceiling,2020-Salmonella-species-unspecified-Lambs,AXO,FDA NARMS 2020-2022 minor species,https://www.fda.gov/media/183419/download?attachment=; frozen cohort minor-2020-Salmonella-species-unspecified-Lambs-AXO,Observed categories; ceiling summaries derived by reporting-audit,Dessai et al. 2024 p.22; manufacturer CMV5AGNF layout
minor-2020-Salmonella-species-unspecified-Lambs-AXO,CMV5AGNF-AXO,32,0,false,ceiling,2020-Salmonella-species-unspecified-Lambs,AXO,FDA NARMS 2020-2022 minor species,https://www.fda.gov/media/183419/download?attachment=; frozen cohort minor-2020-Salmonella-species-unspecified-Lambs-AXO,Observed categories; ceiling summaries derived by reporting-audit,Dessai et al. 2024 p.22; manufacturer CMV5AGNF layout
minor-2020-Salmonella-species-unspecified-Lambs-AXO,CMV5AGNF-AXO,64,0,false,ceiling,2020-Salmonella-species-unspecified-Lambs,AXO,FDA NARMS 2020-2022 minor species,https://www.fda.gov/media/183419/download?attachment=; frozen cohort minor-2020-Salmonella-species-unspecified-Lambs-AXO,Observed categories; ceiling summaries derived by reporting-audit,Dessai et al. 2024 p.22; manufacturer CMV5AGNF layout
minor-2020-Salmonella-species-unspecified-Lambs-AXO,CMV5AGNF-AXO,>64,0,false,ceiling,2020-Salmonella-species-unspecified-Lambs,AXO,FDA NARMS 2020-2022 minor species,https://www.fda.gov/media/183419/download?attachment=; frozen cohort minor-2020-Salmonella-species-unspecified-Lambs-AXO,Observed categories; ceiling summaries derived by reporting-audit,Dessai et al. 2024 p.22; manufacturer CMV5AGNF layout
minor-2020-Salmonella-species-unspecified-Lambs-AZI,CMV5AGNF-AZI,<=0.25,0,false,ceiling,2020-Salmonella-species-unspecified-Lambs,AZI,FDA NARMS 2020-2022 minor species,https://www.fda.gov/media/183419/download?attachment=; frozen cohort minor-2020-Salmonella-species-unspecified-Lambs-AZI,Observed categories; ceiling summaries derived by reporting-audit,Dessai et al. 2024 p.22; manufacturer CMV5AGNF layout
minor-2020-Salmonella-species-unspecified-Lambs-AZI,CMV5AGNF-AZI,0.5,0,false,ceiling,2020-Salmonella-species-unspecified-Lambs,AZI,FDA NARMS 2020-2022 minor species,https://www.fda.gov/media/183419/download?attachment=; frozen cohort minor-2020-Salmonella-species-unspecified-Lambs-AZI,Observed categories; ceiling summaries derived by reporting-audit,Dessai et al. 2024 p.22; manufacturer CMV5AGNF layout
minor-2020-Salmonella-species-unspecified-Lambs-AZI,CMV5AGNF-AZI,1,0,false,ceiling,2020-Salmonella-species-unspecified-Lambs,AZI,FDA NARMS 2020-2022 minor species,https://www.fda.gov/media/183419/download?attachment=; frozen cohort minor-2020-Salmonella-species-unspecified-Lambs-AZI,Observed categories; ceiling summaries derived by reporting-audit,Dessai et al. 2024 p.22; manufacturer CMV5AGNF layout
minor-2020-Salmonella-species-unspecified-Lambs-AZI,CMV5AGNF-AZI,2,1,false,ceiling,2020-Salmonella-species-unspecified-Lambs,AZI,FDA NARMS 2020-2022 minor species,https://www.fda.gov/media/183419/download?attachment=; frozen cohort minor-2020-Salmonella-species-unspecified-Lambs-AZI,Observed categories; ceiling summaries derived by reporting-audit,Dessai et al. 2024 p.22; manufacturer CMV5AGNF layout
minor-2020-Salmonella-species-unspecified-Lambs-AZI,CMV5AGNF-AZI,4,21,false,ceiling,2020-Salmonella-species-unspecified-Lambs,AZI,FDA NARMS 2020-2022 minor species,https://www.fda.gov/media/183419/download?attachment=; frozen cohort minor-2020-Salmonella-species-unspecified-Lambs-AZI,Observed categories; ceiling summaries derived by reporting-audit,Dessai et al. 2024 p.22; manufacturer CMV5AGNF layout
minor-2020-Salmonella-species-unspecified-Lambs-AZI,CMV5AGNF-AZI,8,3,false,ceiling,2020-Salmonella-species-unspecified-Lambs,AZI,FDA NARMS 2020-2022 minor species,https://www.fda.gov/media/183419/download?attachment=; frozen cohort minor-2020-Salmonella-species-unspecified-Lambs-AZI,Observed categories; ceiling summaries derived by reporting-audit,Dessai et al. 2024 p.22; manufacturer CMV5AGNF layout
minor-2020-Salmonella-species-unspecified-Lambs-AZI,CMV5AGNF-AZI,16,0,false,ceiling,2020-Salmonella-species-unspecified-Lambs,AZI,FDA NARMS 2020-2022 minor species,https://www.fda.gov/media/183419/download?attachment=; frozen cohort minor-2020-Salmonella-species-unspecified-Lambs-AZI,Observed categories; ceiling summaries derived by reporting-audit,Dessai et al. 2024 p.22; manufacturer CMV5AGNF layout
minor-2020-Salmonella-species-unspecified-Lambs-AZI,CMV5AGNF-AZI,32,0,false,ceiling,2020-Salmonella-species-unspecified-Lambs,AZI,FDA NARMS 2020-2022 minor species,https://www.fda.gov/media/183419/download?attachment=; frozen cohort minor-2020-Salmonella-species-unspecified-Lambs-AZI,Observed categories; ceiling summaries derived by reporting-audit,Dessai et al. 2024 p.22; manufacturer CMV5AGNF layout
minor-2020-Salmonella-species-unspecified-Lambs-AZI,CMV5AGNF-AZI,64,0,false,ceiling,2020-Salmonella-species-unspecified-Lambs,AZI,FDA NARMS 2020-2022 minor species,https://www.fda.gov/media/183419/download?attachment=; frozen cohort minor-2020-Salmonella-species-unspecified-Lambs-AZI,Observed categories; ceiling summaries derived by reporting-audit,Dessai et al. 2024 p.22; manufacturer CMV5AGNF layout
minor-2020-Salmonella-species-unspecified-Lambs-AZI,CMV5AGNF-AZI,>64,0,false,ceiling,2020-Salmonella-species-unspecified-Lambs,AZI,FDA NARMS 2020-2022 minor species,https://www.fda.gov/media/183419/download?attachment=; frozen cohort minor-2020-Salmonella-species-unspecified-Lambs-AZI,Observed categories; ceiling summaries derived by reporting-audit,Dessai et al. 2024 p.22; manufacturer CMV5AGNF layout
minor-2020-Salmonella-species-unspecified-Lambs-CHL,CMV5AGNF-CHL,<=2,5,false,ceiling,2020-Salmonella-species-unspecified-Lambs,CHL,FDA NARMS 2020-2022 minor species,https://www.fda.gov/media/183419/download?attachment=; frozen cohort minor-2020-Salmonella-species-unspecified-Lambs-CHL,Observed categories; ceiling summaries derived by reporting-audit,Dessai et al. 2024 p.22; manufacturer CMV5AGNF layout
minor-2020-Salmonella-species-unspecified-Lambs-CHL,CMV5AGNF-CHL,4,9,false,ceiling,2020-Salmonella-species-unspecified-Lambs,CHL,FDA NARMS 2020-2022 minor species,https://www.fda.gov/media/183419/download?attachment=; frozen cohort minor-2020-Salmonella-species-unspecified-Lambs-CHL,Observed categories; ceiling summaries derived by reporting-audit,Dessai et al. 2024 p.22; manufacturer CMV5AGNF layout
minor-2020-Salmonella-species-unspecified-Lambs-CHL,CMV5AGNF-CHL,8,11,false,ceiling,2020-Salmonella-species-unspecified-Lambs,CHL,FDA NARMS 2020-2022 minor species,https://www.fda.gov/media/183419/download?attachment=; frozen cohort minor-2020-Salmonella-species-unspecified-Lambs-CHL,Observed categories; ceiling summaries derived by reporting-audit,Dessai et al. 2024 p.22; manufacturer CMV5AGNF layout
minor-2020-Salmonella-species-unspecified-Lambs-CHL,CMV5AGNF-CHL,16,0,false,ceiling,2020-Salmonella-species-unspecified-Lambs,CHL,FDA NARMS 2020-2022 minor species,https://www.fda.gov/media/183419/download?attachment=; frozen cohort minor-2020-Salmonella-species-unspecified-Lambs-CHL,Observed categories; ceiling summaries derived by reporting-audit,Dessai et al. 2024 p.22; manufacturer CMV5AGNF layout
minor-2020-Salmonella-species-unspecified-Lambs-CHL,CMV5AGNF-CHL,32,0,false,ceiling,2020-Salmonella-species-unspecified-Lambs,CHL,FDA NARMS 2020-2022 minor species,https://www.fda.gov/media/183419/download?attachment=; frozen cohort minor-2020-Salmonella-species-unspecified-Lambs-CHL,Observed categories; ceiling summaries derived by reporting-audit,Dessai et al. 2024 p.22; manufacturer CMV5AGNF layout
minor-2020-Salmonella-species-unspecified-Lambs-CHL,CMV5AGNF-CHL,>32,0,false,ceiling,2020-Salmonella-species-unspecified-Lambs,CHL,FDA NARMS 2020-2022 minor species,https://www.fda.gov/media/183419/download?attachment=; frozen cohort minor-2020-Salmonella-species-unspecified-Lambs-CHL,Observed categories; ceiling summaries derived by reporting-audit,Dessai et al. 2024 p.22; manufacturer CMV5AGNF layout
minor-2020-Salmonella-species-unspecified-Lambs-COL,CMV5AGNF-COL,<=0.25,23,false,ceiling,2020-Salmonella-species-unspecified-Lambs,COL,FDA NARMS 2020-2022 minor species,https://www.fda.gov/media/183419/download?attachment=; frozen cohort minor-2020-Salmonella-species-unspecified-Lambs-COL,Observed categories; ceiling summaries derived by reporting-audit,Dessai et al. 2024 p.22; manufacturer CMV5AGNF layout
minor-2020-Salmonella-species-unspecified-Lambs-COL,CMV5AGNF-COL,0.5,2,false,ceiling,2020-Salmonella-species-unspecified-Lambs,COL,FDA NARMS 2020-2022 minor species,https://www.fda.gov/media/183419/download?attachment=; frozen cohort minor-2020-Salmonella-species-unspecified-Lambs-COL,Observed categories; ceiling summaries derived by reporting-audit,Dessai et al. 2024 p.22; manufacturer CMV5AGNF layout
minor-2020-Salmonella-species-unspecified-Lambs-COL,CMV5AGNF-COL,1,0,false,ceiling,2020-Salmonella-species-unspecified-Lambs,COL,FDA NARMS 2020-2022 minor species,https://www.fda.gov/media/183419/download?attachment=; frozen cohort minor-2020-Salmonella-species-unspecified-Lambs-COL,Observed categories; ceiling summaries derived by reporting-audit,Dessai et al. 2024 p.22; manufacturer CMV5AGNF layout
minor-2020-Salmonella-species-unspecified-Lambs-COL,CMV5AGNF-COL,2,0,false,ceiling,2020-Salmonella-species-unspecified-Lambs,COL,FDA NARMS 2020-2022 minor species,https://www.fda.gov/media/183419/download?attachment=; frozen cohort minor-2020-Salmonella-species-unspecified-Lambs-COL,Observed categories; ceiling summaries derived by reporting-audit,Dessai et al. 2024 p.22; manufacturer CMV5AGNF layout
minor-2020-Salmonella-species-unspecified-Lambs-COL,CMV5AGNF-COL,4,0,false,ceiling,2020-Salmonella-species-unspecified-Lambs,COL,FDA NARMS 2020-2022 minor species,https://www.fda.gov/media/183419/download?attachment=; frozen cohort minor-2020-Salmonella-species-unspecified-Lambs-COL,Observed categories; ceiling summaries derived by reporting-audit,Dessai et al. 2024 p.22; manufacturer CMV5AGNF layout
minor-2020-Salmonella-species-unspecified-Lambs-COL,CMV5AGNF-COL,8,0,false,ceiling,2020-Salmonella-species-unspecified-Lambs,COL,FDA NARMS 2020-2022 minor species,https://www.fda.gov/media/183419/download?attachment=; frozen cohort minor-2020-Salmonella-species-unspecified-Lambs-COL,Observed categories; ceiling summaries derived by reporting-audit,Dessai et al. 2024 p.22; manufacturer CMV5AGNF layout
minor-2020-Salmonella-species-unspecified-Lambs-COL,CMV5AGNF-COL,>8,0,false,ceiling,2020-Salmonella-species-unspecified-Lambs,COL,FDA NARMS 2020-2022 minor species,https://www.fda.gov/media/183419/download?attachment=; frozen cohort minor-2020-Salmonella-species-unspecified-Lambs-COL,Observed categories; ceiling summaries derived by reporting-audit,Dessai et al. 2024 p.22; manufacturer CMV5AGNF layout
minor-2020-Salmonella-species-unspecified-Lambs-FIS,CMV5AGNF-FIS,<=16,15,false,ceiling,2020-Salmonella-species-unspecified-Lambs,FIS,FDA NARMS 2020-2022 minor species,https://www.fda.gov/media/183419/download?attachment=; frozen cohort minor-2020-Salmonella-species-unspecified-Lambs-FIS,Observed categories; ceiling summaries derived by reporting-audit,Dessai et al. 2024 p.22; manufacturer CMV5AGNF layout
minor-2020-Salmonella-species-unspecified-Lambs-FIS,CMV5AGNF-FIS,32,8,false,ceiling,2020-Salmonella-species-unspecified-Lambs,FIS,FDA NARMS 2020-2022 minor species,https://www.fda.gov/media/183419/download?attachment=; frozen cohort minor-2020-Salmonella-species-unspecified-Lambs-FIS,Observed categories; ceiling summaries derived by reporting-audit,Dessai et al. 2024 p.22; manufacturer CMV5AGNF layout
minor-2020-Salmonella-species-unspecified-Lambs-FIS,CMV5AGNF-FIS,64,0,false,ceiling,2020-Salmonella-species-unspecified-Lambs,FIS,FDA NARMS 2020-2022 minor species,https://www.fda.gov/media/183419/download?attachment=; frozen cohort minor-2020-Salmonella-species-unspecified-Lambs-FIS,Observed categories; ceiling summaries derived by reporting-audit,Dessai et al. 2024 p.22; manufacturer CMV5AGNF layout
minor-2020-Salmonella-species-unspecified-Lambs-FIS,CMV5AGNF-FIS,128,0,false,ceiling,2020-Salmonella-species-unspecified-Lambs,FIS,FDA NARMS 2020-2022 minor species,https://www.fda.gov/media/183419/download?attachment=; frozen cohort minor-2020-Salmonella-species-unspecified-Lambs-FIS,Observed categories; ceiling summaries derived by reporting-audit,Dessai et al. 2024 p.22; manufacturer CMV5AGNF layout
minor-2020-Salmonella-species-unspecified-Lambs-FIS,CMV5AGNF-FIS,256,0,false,ceiling,2020-Salmonella-species-unspecified-Lambs,FIS,FDA NARMS 2020-2022 minor species,https://www.fda.gov/media/183419/download?attachment=; frozen cohort minor-2020-Salmonella-species-unspecified-Lambs-FIS,Observed categories; ceiling summaries derived by reporting-audit,Dessai et al. 2024 p.22; manufacturer CMV5AGNF layout
minor-2020-Salmonella-species-unspecified-Lambs-FIS,CMV5AGNF-FIS,>256,2,false,ceiling,2020-Salmonella-species-unspecified-Lambs,FIS,FDA NARMS 2020-2022 minor species,https://www.fda.gov/media/183419/download?attachment=; frozen cohort minor-2020-Salmonella-species-unspecified-Lambs-FIS,Observed categories; ceiling summaries derived by reporting-audit,Dessai et al. 2024 p.22; manufacturer CMV5AGNF layout
minor-2020-Salmonella-species-unspecified-Lambs-FOX,CMV5AGNF-FOX,<=1,0,false,ceiling,2020-Salmonella-species-unspecified-Lambs,FOX,FDA NARMS 2020-2022 minor species,https://www.fda.gov/media/183419/download?attachment=; frozen cohort minor-2020-Salmonella-species-unspecified-Lambs-FOX,Observed categories; ceiling summaries derived by reporting-audit,Dessai et al. 2024 p.22; manufacturer CMV5AGNF layout
minor-2020-Salmonella-species-unspecified-Lambs-FOX,CMV5AGNF-FOX,2,12,false,ceiling,2020-Salmonella-species-unspecified-Lambs,FOX,FDA NARMS 2020-2022 minor species,https://www.fda.gov/media/183419/download?attachment=; frozen cohort minor-2020-Salmonella-species-unspecified-Lambs-FOX,Observed categories; ceiling summaries derived by reporting-audit,Dessai et al. 2024 p.22; manufacturer CMV5AGNF layout
minor-2020-Salmonella-species-unspecified-Lambs-FOX,CMV5AGNF-FOX,4,10,false,ceiling,2020-Salmonella-species-unspecified-Lambs,FOX,FDA NARMS 2020-2022 minor species,https://www.fda.gov/media/183419/download?attachment=; frozen cohort minor-2020-Salmonella-species-unspecified-Lambs-FOX,Observed categories; ceiling summaries derived by reporting-audit,Dessai et al. 2024 p.22; manufacturer CMV5AGNF layout
minor-2020-Salmonella-species-unspecified-Lambs-FOX,CMV5AGNF-FOX,8,3,false,ceiling,2020-Salmonella-species-unspecified-Lambs,FOX,FDA NARMS 2020-2022 minor species,https://www.fda.gov/media/183419/download?attachment=; frozen cohort minor-2020-Salmonella-species-unspecified-Lambs-FOX,Observed categories; ceiling summaries derived by reporting-audit,Dessai et al. 2024 p.22; manufacturer CMV5AGNF layout
minor-2020-Salmonella-species-unspecified-Lambs-FOX,CMV5AGNF-FOX,16,0,false,ceiling,2020-Salmonella-species-unspecified-Lambs,FOX,FDA NARMS 2020-2022 minor species,https://www.fda.gov/media/183419/download?attachment=; frozen cohort minor-2020-Salmonella-species-unspecified-Lambs-FOX,Observed categories; ceiling summaries derived by reporting-audit,Dessai et al. 2024 p.22; manufacturer CMV5AGNF layout
minor-2020-Salmonella-species-unspecified-Lambs-FOX,CMV5AGNF-FOX,32,0,false,ceiling,2020-Salmonella-species-unspecified-Lambs,FOX,FDA NARMS 2020-2022 minor species,https://www.fda.gov/media/183419/download?attachment=; frozen cohort minor-2020-Salmonella-species-unspecified-Lambs-FOX,Observed categories; ceiling summaries derived by reporting-audit,Dessai et al. 2024 p.22; manufacturer CMV5AGNF layout
minor-2020-Salmonella-species-unspecified-Lambs-FOX,CMV5AGNF-FOX,>32,0,false,ceiling,2020-Salmonella-species-unspecified-Lambs,FOX,FDA NARMS 2020-2022 minor species,https://www.fda.gov/media/183419/download?attachment=; frozen cohort minor-2020-Salmonella-species-unspecified-Lambs-FOX,Observed categories; ceiling summaries derived by reporting-audit,Dessai et al. 2024 p.22; manufacturer CMV5AGNF layout
minor-2020-Salmonella-species-unspecified-Lambs-GEN,CMV5AGNF-GEN,<=0.25,12,false,ceiling,2020-Salmonella-species-unspecified-Lambs,GEN,FDA NARMS 2020-2022 minor species,https://www.fda.gov/media/183419/download?attachment=; frozen cohort minor-2020-Salmonella-species-unspecified-Lambs-GEN,Observed categories; ceiling summaries derived by reporting-audit,Dessai et al. 2024 p.22; manufacturer CMV5AGNF layout
minor-2020-Salmonella-species-unspecified-Lambs-GEN,CMV5AGNF-GEN,0.5,12,false,ceiling,2020-Salmonella-species-unspecified-Lambs,GEN,FDA NARMS 2020-2022 minor species,https://www.fda.gov/media/183419/download?attachment=; frozen cohort minor-2020-Salmonella-species-unspecified-Lambs-GEN,Observed categories; ceiling summaries derived by reporting-audit,Dessai et al. 2024 p.22; manufacturer CMV5AGNF layout
minor-2020-Salmonella-species-unspecified-Lambs-GEN,CMV5AGNF-GEN,1,1,false,ceiling,2020-Salmonella-species-unspecified-Lambs,GEN,FDA NARMS 2020-2022 minor species,https://www.fda.gov/media/183419/download?attachment=; frozen cohort minor-2020-Salmonella-species-unspecified-Lambs-GEN,Observed categories; ceiling summaries derived by reporting-audit,Dessai et al. 2024 p.22; manufacturer CMV5AGNF layout
minor-2020-Salmonella-species-unspecified-Lambs-GEN,CMV5AGNF-GEN,2,0,false,ceiling,2020-Salmonella-species-unspecified-Lambs,GEN,FDA NARMS 2020-2022 minor species,https://www.fda.gov/media/183419/download?attachment=; frozen cohort minor-2020-Salmonella-species-unspecified-Lambs-GEN,Observed categories; ceiling summaries derived by reporting-audit,Dessai et al. 2024 p.22; manufacturer CMV5AGNF layout
minor-2020-Salmonella-species-unspecified-Lambs-GEN,CMV5AGNF-GEN,4,0,false,ceiling,2020-Salmonella-species-unspecified-Lambs,GEN,FDA NARMS 2020-2022 minor species,https://www.fda.gov/media/183419/download?attachment=; frozen cohort minor-2020-Salmonella-species-unspecified-Lambs-GEN,Observed categories; ceiling summaries derived by reporting-audit,Dessai et al. 2024 p.22; manufacturer CMV5AGNF layout
minor-2020-Salmonella-species-unspecified-Lambs-GEN,CMV5AGNF-GEN,8,0,false,ceiling,2020-Salmonella-species-unspecified-Lambs,GEN,FDA NARMS 2020-2022 minor species,https://www.fda.gov/media/183419/download?attachment=; frozen cohort minor-2020-Salmonella-species-unspecified-Lambs-GEN,Observed categories; ceiling summaries derived by reporting-audit,Dessai et al. 2024 p.22; manufacturer CMV5AGNF layout
minor-2020-Salmonella-species-unspecified-Lambs-GEN,CMV5AGNF-GEN,16,0,false,ceiling,2020-Salmonella-species-unspecified-Lambs,GEN,FDA NARMS 2020-2022 minor species,https://www.fda.gov/media/183419/download?attachment=; frozen cohort minor-2020-Salmonella-species-unspecified-Lambs-GEN,Observed categories; ceiling summaries derived by reporting-audit,Dessai et al. 2024 p.22; manufacturer CMV5AGNF layout
minor-2020-Salmonella-species-unspecified-Lambs-GEN,CMV5AGNF-GEN,>16,0,false,ceiling,2020-Salmonella-species-unspecified-Lambs,GEN,FDA NARMS 2020-2022 minor species,https://www.fda.gov/media/183419/download?attachment=; frozen cohort minor-2020-Salmonella-species-unspecified-Lambs-GEN,Observed categories; ceiling summaries derived by reporting-audit,Dessai et al. 2024 p.22; manufacturer CMV5AGNF layout
minor-2020-Salmonella-species-unspecified-Lambs-NAL,CMV5AGNF-NAL,<=0.5,0,false,ceiling,2020-Salmonella-species-unspecified-Lambs,NAL,FDA NARMS 2020-2022 minor species,https://www.fda.gov/media/183419/download?attachment=; frozen cohort minor-2020-Salmonella-species-unspecified-Lambs-NAL,Observed categories; ceiling summaries derived by reporting-audit,Dessai et al. 2024 p.22; manufacturer CMV5AGNF layout
minor-2020-Salmonella-species-unspecified-Lambs-NAL,CMV5AGNF-NAL,1,0,false,ceiling,2020-Salmonella-species-unspecified-Lambs,NAL,FDA NARMS 2020-2022 minor species,https://www.fda.gov/media/183419/download?attachment=; frozen cohort minor-2020-Salmonella-species-unspecified-Lambs-NAL,Observed categories; ceiling summaries derived by reporting-audit,Dessai et al. 2024 p.22; manufacturer CMV5AGNF layout
minor-2020-Salmonella-species-unspecified-Lambs-NAL,CMV5AGNF-NAL,2,17,false,ceiling,2020-Salmonella-species-unspecified-Lambs,NAL,FDA NARMS 2020-2022 minor species,https://www.fda.gov/media/183419/download?attachment=; frozen cohort minor-2020-Salmonella-species-unspecified-Lambs-NAL,Observed categories; ceiling summaries derived by reporting-audit,Dessai et al. 2024 p.22; manufacturer CMV5AGNF layout
minor-2020-Salmonella-species-unspecified-Lambs-NAL,CMV5AGNF-NAL,4,8,false,ceiling,2020-Salmonella-species-unspecified-Lambs,NAL,FDA NARMS 2020-2022 minor species,https://www.fda.gov/media/183419/download?attachment=; frozen cohort minor-2020-Salmonella-species-unspecified-Lambs-NAL,Observed categories; ceiling summaries derived by reporting-audit,Dessai et al. 2024 p.22; manufacturer CMV5AGNF layout
minor-2020-Salmonella-species-unspecified-Lambs-NAL,CMV5AGNF-NAL,8,0,false,ceiling,2020-Salmonella-species-unspecified-Lambs,NAL,FDA NARMS 2020-2022 minor species,https://www.fda.gov/media/183419/download?attachment=; frozen cohort minor-2020-Salmonella-species-unspecified-Lambs-NAL,Observed categories; ceiling summaries derived by reporting-audit,Dessai et al. 2024 p.22; manufacturer CMV5AGNF layout
minor-2020-Salmonella-species-unspecified-Lambs-NAL,CMV5AGNF-NAL,16,0,false,ceiling,2020-Salmonella-species-unspecified-Lambs,NAL,FDA NARMS 2020-2022 minor species,https://www.fda.gov/media/183419/download?attachment=; frozen cohort minor-2020-Salmonella-species-unspecified-Lambs-NAL,Observed categories; ceiling summaries derived by reporting-audit,Dessai et al. 2024 p.22; manufacturer CMV5AGNF layout
minor-2020-Salmonella-species-unspecified-Lambs-NAL,CMV5AGNF-NAL,32,0,false,ceiling,2020-Salmonella-species-unspecified-Lambs,NAL,FDA NARMS 2020-2022 minor species,https://www.fda.gov/media/183419/download?attachment=; frozen cohort minor-2020-Salmonella-species-unspecified-Lambs-NAL,Observed categories; ceiling summaries derived by reporting-audit,Dessai et al. 2024 p.22; manufacturer CMV5AGNF layout
minor-2020-Salmonella-species-unspecified-Lambs-NAL,CMV5AGNF-NAL,>32,0,false,ceiling,2020-Salmonella-species-unspecified-Lambs,NAL,FDA NARMS 2020-2022 minor species,https://www.fda.gov/media/183419/download?attachment=; frozen cohort minor-2020-Salmonella-species-unspecified-Lambs-NAL,Observed categories; ceiling summaries derived by reporting-audit,Dessai et al. 2024 p.22; manufacturer CMV5AGNF layout
minor-2020-Salmonella-species-unspecified-Lambs-TET,CMV5AGNF-TET,<=4,21,false,ceiling,2020-Salmonella-species-unspecified-Lambs,TET,FDA NARMS 2020-2022 minor species,https://www.fda.gov/media/183419/download?attachment=; frozen cohort minor-2020-Salmonella-species-unspecified-Lambs-TET,Observed categories; ceiling summaries derived by reporting-audit,Dessai et al. 2024 p.22; manufacturer CMV5AGNF layout
minor-2020-Salmonella-species-unspecified-Lambs-TET,CMV5AGNF-TET,8,0,false,ceiling,2020-Salmonella-species-unspecified-Lambs,TET,FDA NARMS 2020-2022 minor species,https://www.fda.gov/media/183419/download?attachment=; frozen cohort minor-2020-Salmonella-species-unspecified-Lambs-TET,Observed categories; ceiling summaries derived by reporting-audit,Dessai et al. 2024 p.22; manufacturer CMV5AGNF layout
minor-2020-Salmonella-species-unspecified-Lambs-TET,CMV5AGNF-TET,16,0,false,ceiling,2020-Salmonella-species-unspecified-Lambs,TET,FDA NARMS 2020-2022 minor species,https://www.fda.gov/media/183419/download?attachment=; frozen cohort minor-2020-Salmonella-species-unspecified-Lambs-TET,Observed categories; ceiling summaries derived by reporting-audit,Dessai et al. 2024 p.22; manufacturer CMV5AGNF layout
minor-2020-Salmonella-species-unspecified-Lambs-TET,CMV5AGNF-TET,32,0,false,ceiling,2020-Salmonella-species-unspecified-Lambs,TET,FDA NARMS 2020-2022 minor species,https://www.fda.gov/media/183419/download?attachment=; frozen cohort minor-2020-Salmonella-species-unspecified-Lambs-TET,Observed categories; ceiling summaries derived by reporting-audit,Dessai et al. 2024 p.22; manufacturer CMV5AGNF layout
minor-2020-Salmonella-species-unspecified-Lambs-TET,CMV5AGNF-TET,>32,4,false,ceiling,2020-Salmonella-species-unspecified-Lambs,TET,FDA NARMS 2020-2022 minor species,https://www.fda.gov/media/183419/download?attachment=; frozen cohort minor-2020-Salmonella-species-unspecified-Lambs-TET,Observed categories; ceiling summaries derived by reporting-audit,Dessai et al. 2024 p.22; manufacturer CMV5AGNF layout
minor-2020-Salmonella-species-unspecified-Sheep-AMP,CMV5AGNF-AMP,<=1,26,false,ceiling,2020-Salmonella-species-unspecified-Sheep,AMP,FDA NARMS 2020-2022 minor species,https://www.fda.gov/media/183419/download?attachment=; frozen cohort minor-2020-Salmonella-species-unspecified-Sheep-AMP,Observed categories; ceiling summaries derived by reporting-audit,Dessai et al. 2024 p.22; manufacturer CMV5AGNF layout
minor-2020-Salmonella-species-unspecified-Sheep-AMP,CMV5AGNF-AMP,2,0,false,ceiling,2020-Salmonella-species-unspecified-Sheep,AMP,FDA NARMS 2020-2022 minor species,https://www.fda.gov/media/183419/download?attachment=; frozen cohort minor-2020-Salmonella-species-unspecified-Sheep-AMP,Observed categories; ceiling summaries derived by reporting-audit,Dessai et al. 2024 p.22; manufacturer CMV5AGNF layout
minor-2020-Salmonella-species-unspecified-Sheep-AMP,CMV5AGNF-AMP,4,0,false,ceiling,2020-Salmonella-species-unspecified-Sheep,AMP,FDA NARMS 2020-2022 minor species,https://www.fda.gov/media/183419/download?attachment=; frozen cohort minor-2020-Salmonella-species-unspecified-Sheep-AMP,Observed categories; ceiling summaries derived by reporting-audit,Dessai et al. 2024 p.22; manufacturer CMV5AGNF layout
minor-2020-Salmonella-species-unspecified-Sheep-AMP,CMV5AGNF-AMP,8,0,false,ceiling,2020-Salmonella-species-unspecified-Sheep,AMP,FDA NARMS 2020-2022 minor species,https://www.fda.gov/media/183419/download?attachment=; frozen cohort minor-2020-Salmonella-species-unspecified-Sheep-AMP,Observed categories; ceiling summaries derived by reporting-audit,Dessai et al. 2024 p.22; manufacturer CMV5AGNF layout
minor-2020-Salmonella-species-unspecified-Sheep-AMP,CMV5AGNF-AMP,16,0,false,ceiling,2020-Salmonella-species-unspecified-Sheep,AMP,FDA NARMS 2020-2022 minor species,https://www.fda.gov/media/183419/download?attachment=; frozen cohort minor-2020-Salmonella-species-unspecified-Sheep-AMP,Observed categories; ceiling summaries derived by reporting-audit,Dessai et al. 2024 p.22; manufacturer CMV5AGNF layout
minor-2020-Salmonella-species-unspecified-Sheep-AMP,CMV5AGNF-AMP,32,0,false,ceiling,2020-Salmonella-species-unspecified-Sheep,AMP,FDA NARMS 2020-2022 minor species,https://www.fda.gov/media/183419/download?attachment=; frozen cohort minor-2020-Salmonella-species-unspecified-Sheep-AMP,Observed categories; ceiling summaries derived by reporting-audit,Dessai et al. 2024 p.22; manufacturer CMV5AGNF layout
minor-2020-Salmonella-species-unspecified-Sheep-AMP,CMV5AGNF-AMP,>32,0,false,ceiling,2020-Salmonella-species-unspecified-Sheep,AMP,FDA NARMS 2020-2022 minor species,https://www.fda.gov/media/183419/download?attachment=; frozen cohort minor-2020-Salmonella-species-unspecified-Sheep-AMP,Observed categories; ceiling summaries derived by reporting-audit,Dessai et al. 2024 p.22; manufacturer CMV5AGNF layout
minor-2020-Salmonella-species-unspecified-Sheep-AXO,CMV5AGNF-AXO,<=0.25,26,false,ceiling,2020-Salmonella-species-unspecified-Sheep,AXO,FDA NARMS 2020-2022 minor species,https://www.fda.gov/media/183419/download?attachment=; frozen cohort minor-2020-Salmonella-species-unspecified-Sheep-AXO,Observed categories; ceiling summaries derived by reporting-audit,Dessai et al. 2024 p.22; manufacturer CMV5AGNF layout
minor-2020-Salmonella-species-unspecified-Sheep-AXO,CMV5AGNF-AXO,0.5,0,false,ceiling,2020-Salmonella-species-unspecified-Sheep,AXO,FDA NARMS 2020-2022 minor species,https://www.fda.gov/media/183419/download?attachment=; frozen cohort minor-2020-Salmonella-species-unspecified-Sheep-AXO,Observed categories; ceiling summaries derived by reporting-audit,Dessai et al. 2024 p.22; manufacturer CMV5AGNF layout
minor-2020-Salmonella-species-unspecified-Sheep-AXO,CMV5AGNF-AXO,1,0,false,ceiling,2020-Salmonella-species-unspecified-Sheep,AXO,FDA NARMS 2020-2022 minor species,https://www.fda.gov/media/183419/download?attachment=; frozen cohort minor-2020-Salmonella-species-unspecified-Sheep-AXO,Observed categories; ceiling summaries derived by reporting-audit,Dessai et al. 2024 p.22; manufacturer CMV5AGNF layout
minor-2020-Salmonella-species-unspecified-Sheep-AXO,CMV5AGNF-AXO,2,0,false,ceiling,2020-Salmonella-species-unspecified-Sheep,AXO,FDA NARMS 2020-2022 minor species,https://www.fda.gov/media/183419/download?attachment=; frozen cohort minor-2020-Salmonella-species-unspecified-Sheep-AXO,Observed categories; ceiling summaries derived by reporting-audit,Dessai et al. 2024 p.22; manufacturer CMV5AGNF layout
minor-2020-Salmonella-species-unspecified-Sheep-AXO,CMV5AGNF-AXO,4,0,false,ceiling,2020-Salmonella-species-unspecified-Sheep,AXO,FDA NARMS 2020-2022 minor species,https://www.fda.gov/media/183419/download?attachment=; frozen cohort minor-2020-Salmonella-species-unspecified-Sheep-AXO,Observed categories; ceiling summaries derived by reporting-audit,Dessai et al. 2024 p.22; manufacturer CMV5AGNF layout
minor-2020-Salmonella-species-unspecified-Sheep-AXO,CMV5AGNF-AXO,8,0,false,ceiling,2020-Salmonella-species-unspecified-Sheep,AXO,FDA NARMS 2020-2022 minor species,https://www.fda.gov/media/183419/download?attachment=; frozen cohort minor-2020-Salmonella-species-unspecified-Sheep-AXO,Observed categories; ceiling summaries derived by reporting-audit,Dessai et al. 2024 p.22; manufacturer CMV5AGNF layout
minor-2020-Salmonella-species-unspecified-Sheep-AXO,CMV5AGNF-AXO,16,0,false,ceiling,2020-Salmonella-species-unspecified-Sheep,AXO,FDA NARMS 2020-2022 minor species,https://www.fda.gov/media/183419/download?attachment=; frozen cohort minor-2020-Salmonella-species-unspecified-Sheep-AXO,Observed categories; ceiling summaries derived by reporting-audit,Dessai et al. 2024 p.22; manufacturer CMV5AGNF layout
minor-2020-Salmonella-species-unspecified-Sheep-AXO,CMV5AGNF-AXO,32,0,false,ceiling,2020-Salmonella-species-unspecified-Sheep,AXO,FDA NARMS 2020-2022 minor species,https://www.fda.gov/media/183419/download?attachment=; frozen cohort minor-2020-Salmonella-species-unspecified-Sheep-AXO,Observed categories; ceiling summaries derived by reporting-audit,Dessai et al. 2024 p.22; manufacturer CMV5AGNF layout
minor-2020-Salmonella-species-unspecified-Sheep-AXO,CMV5AGNF-AXO,64,0,false,ceiling,2020-Salmonella-species-unspecified-Sheep,AXO,FDA NARMS 2020-2022 minor species,https://www.fda.gov/media/183419/download?attachment=; frozen cohort minor-2020-Salmonella-species-unspecified-Sheep-AXO,Observed categories; ceiling summaries derived by reporting-audit,Dessai et al. 2024 p.22; manufacturer CMV5AGNF layout
minor-2020-Salmonella-species-unspecified-Sheep-AXO,CMV5AGNF-AXO,>64,0,false,ceiling,2020-Salmonella-species-unspecified-Sheep,AXO,FDA NARMS 2020-2022 minor species,https://www.fda.gov/media/183419/download?attachment=; frozen cohort minor-2020-Salmonella-species-unspecified-Sheep-AXO,Observed categories; ceiling summaries derived by reporting-audit,Dessai et al. 2024 p.22; manufacturer CMV5AGNF layout
minor-2020-Salmonella-species-unspecified-Sheep-AZI,CMV5AGNF-AZI,<=0.25,0,false,ceiling,2020-Salmonella-species-unspecified-Sheep,AZI,FDA NARMS 2020-2022 minor species,https://www.fda.gov/media/183419/download?attachment=; frozen cohort minor-2020-Salmonella-species-unspecified-Sheep-AZI,Observed categories; ceiling summaries derived by reporting-audit,Dessai et al. 2024 p.22; manufacturer CMV5AGNF layout
minor-2020-Salmonella-species-unspecified-Sheep-AZI,CMV5AGNF-AZI,0.5,0,false,ceiling,2020-Salmonella-species-unspecified-Sheep,AZI,FDA NARMS 2020-2022 minor species,https://www.fda.gov/media/183419/download?attachment=; frozen cohort minor-2020-Salmonella-species-unspecified-Sheep-AZI,Observed categories; ceiling summaries derived by reporting-audit,Dessai et al. 2024 p.22; manufacturer CMV5AGNF layout
minor-2020-Salmonella-species-unspecified-Sheep-AZI,CMV5AGNF-AZI,1,0,false,ceiling,2020-Salmonella-species-unspecified-Sheep,AZI,FDA NARMS 2020-2022 minor species,https://www.fda.gov/media/183419/download?attachment=; frozen cohort minor-2020-Salmonella-species-unspecified-Sheep-AZI,Observed categories; ceiling summaries derived by reporting-audit,Dessai et al. 2024 p.22; manufacturer CMV5AGNF layout
minor-2020-Salmonella-species-unspecified-Sheep-AZI,CMV5AGNF-AZI,2,5,false,ceiling,2020-Salmonella-species-unspecified-Sheep,AZI,FDA NARMS 2020-2022 minor species,https://www.fda.gov/media/183419/download?attachment=; frozen cohort minor-2020-Salmonella-species-unspecified-Sheep-AZI,Observed categories; ceiling summaries derived by reporting-audit,Dessai et al. 2024 p.22; manufacturer CMV5AGNF layout
minor-2020-Salmonella-species-unspecified-Sheep-AZI,CMV5AGNF-AZI,4,19,false,ceiling,2020-Salmonella-species-unspecified-Sheep,AZI,FDA NARMS 2020-2022 minor species,https://www.fda.gov/media/183419/download?attachment=; frozen cohort minor-2020-Salmonella-species-unspecified-Sheep-AZI,Observed categories; ceiling summaries derived by reporting-audit,Dessai et al. 2024 p.22; manufacturer CMV5AGNF layout
minor-2020-Salmonella-species-unspecified-Sheep-AZI,CMV5AGNF-AZI,8,2,false,ceiling,2020-Salmonella-species-unspecified-Sheep,AZI,FDA NARMS 2020-2022 minor species,https://www.fda.gov/media/183419/download?attachment=; frozen cohort minor-2020-Salmonella-species-unspecified-Sheep-AZI,Observed categories; ceiling summaries derived by reporting-audit,Dessai et al. 2024 p.22; manufacturer CMV5AGNF layout
minor-2020-Salmonella-species-unspecified-Sheep-AZI,CMV5AGNF-AZI,16,0,false,ceiling,2020-Salmonella-species-unspecified-Sheep,AZI,FDA NARMS 2020-2022 minor species,https://www.fda.gov/media/183419/download?attachment=; frozen cohort minor-2020-Salmonella-species-unspecified-Sheep-AZI,Observed categories; ceiling summaries derived by reporting-audit,Dessai et al. 2024 p.22; manufacturer CMV5AGNF layout
minor-2020-Salmonella-species-unspecified-Sheep-AZI,CMV5AGNF-AZI,32,0,false,ceiling,2020-Salmonella-species-unspecified-Sheep,AZI,FDA NARMS 2020-2022 minor species,https://www.fda.gov/media/183419/download?attachment=; frozen cohort minor-2020-Salmonella-species-unspecified-Sheep-AZI,Observed categories; ceiling summaries derived by reporting-audit,Dessai et al. 2024 p.22; manufacturer CMV5AGNF layout
minor-2020-Salmonella-species-unspecified-Sheep-AZI,CMV5AGNF-AZI,64,0,false,ceiling,2020-Salmonella-species-unspecified-Sheep,AZI,FDA NARMS 2020-2022 minor species,https://www.fda.gov/media/183419/download?attachment=; frozen cohort minor-2020-Salmonella-species-unspecified-Sheep-AZI,Observed categories; ceiling summaries derived by reporting-audit,Dessai et al. 2024 p.22; manufacturer CMV5AGNF layout
minor-2020-Salmonella-species-unspecified-Sheep-AZI,CMV5AGNF-AZI,>64,0,false,ceiling,2020-Salmonella-species-unspecified-Sheep,AZI,FDA NARMS 2020-2022 minor species,https://www.fda.gov/media/183419/download?attachment=; frozen cohort minor-2020-Salmonella-species-unspecified-Sheep-AZI,Observed categories; ceiling summaries derived by reporting-audit,Dessai et al. 2024 p.22; manufacturer CMV5AGNF layout
minor-2020-Salmonella-species-unspecified-Sheep-CHL,CMV5AGNF-CHL,<=2,7,false,ceiling,2020-Salmonella-species-unspecified-Sheep,CHL,FDA NARMS 2020-2022 minor species,https://www.fda.gov/media/183419/download?attachment=; frozen cohort minor-2020-Salmonella-species-unspecified-Sheep-CHL,Observed categories; ceiling summaries derived by reporting-audit,Dessai et al. 2024 p.22; manufacturer CMV5AGNF layout
minor-2020-Salmonella-species-unspecified-Sheep-CHL,CMV5AGNF-CHL,4,12,false,ceiling,2020-Salmonella-species-unspecified-Sheep,CHL,FDA NARMS 2020-2022 minor species,https://www.fda.gov/media/183419/download?attachment=; frozen cohort minor-2020-Salmonella-species-unspecified-Sheep-CHL,Observed categories; ceiling summaries derived by reporting-audit,Dessai et al. 2024 p.22; manufacturer CMV5AGNF layout
minor-2020-Salmonella-species-unspecified-Sheep-CHL,CMV5AGNF-CHL,8,7,false,ceiling,2020-Salmonella-species-unspecified-Sheep,CHL,FDA NARMS 2020-2022 minor species,https://www.fda.gov/media/183419/download?attachment=; frozen cohort minor-2020-Salmonella-species-unspecified-Sheep-CHL,Observed categories; ceiling summaries derived by reporting-audit,Dessai et al. 2024 p.22; manufacturer CMV5AGNF layout
minor-2020-Salmonella-species-unspecified-Sheep-CHL,CMV5AGNF-CHL,16,0,false,ceiling,2020-Salmonella-species-unspecified-Sheep,CHL,FDA NARMS 2020-2022 minor species,https://www.fda.gov/media/183419/download?attachment=; frozen cohort minor-2020-Salmonella-species-unspecified-Sheep-CHL,Observed categories; ceiling summaries derived by reporting-audit,Dessai et al. 2024 p.22; manufacturer CMV5AGNF layout
minor-2020-Salmonella-species-unspecified-Sheep-CHL,CMV5AGNF-CHL,32,0,false,ceiling,2020-Salmonella-species-unspecified-Sheep,CHL,FDA NARMS 2020-2022 minor species,https://www.fda.gov/media/183419/download?attachment=; frozen cohort minor-2020-Salmonella-species-unspecified-Sheep-CHL,Observed categories; ceiling summaries derived by reporting-audit,Dessai et al. 2024 p.22; manufacturer CMV5AGNF layout
minor-2020-Salmonella-species-unspecified-Sheep-CHL,CMV5AGNF-CHL,>32,0,false,ceiling,2020-Salmonella-species-unspecified-Sheep,CHL,FDA NARMS 2020-2022 minor species,https://www.fda.gov/media/183419/download?attachment=; frozen cohort minor-2020-Salmonella-species-unspecified-Sheep-CHL,Observed categories; ceiling summaries derived by reporting-audit,Dessai et al. 2024 p.22; manufacturer CMV5AGNF layout
minor-2020-Salmonella-species-unspecified-Sheep-COL,CMV5AGNF-COL,<=0.25,21,false,ceiling,2020-Salmonella-species-unspecified-Sheep,COL,FDA NARMS 2020-2022 minor species,https://www.fda.gov/media/183419/download?attachment=; frozen cohort minor-2020-Salmonella-species-unspecified-Sheep-COL,Observed categories; ceiling summaries derived by reporting-audit,Dessai et al. 2024 p.22; manufacturer CMV5AGNF layout
minor-2020-Salmonella-species-unspecified-Sheep-COL,CMV5AGNF-COL,0.5,5,false,ceiling,2020-Salmonella-species-unspecified-Sheep,COL,FDA NARMS 2020-2022 minor species,https://www.fda.gov/media/183419/download?attachment=; frozen cohort minor-2020-Salmonella-species-unspecified-Sheep-COL,Observed categories; ceiling summaries derived by reporting-audit,Dessai et al. 2024 p.22; manufacturer CMV5AGNF layout
minor-2020-Salmonella-species-unspecified-Sheep-COL,CMV5AGNF-COL,1,0,false,ceiling,2020-Salmonella-species-unspecified-Sheep,COL,FDA NARMS 2020-2022 minor species,https://www.fda.gov/media/183419/download?attachment=; frozen cohort minor-2020-Salmonella-species-unspecified-Sheep-COL,Observed categories; ceiling summaries derived by reporting-audit,Dessai et al. 2024 p.22; manufacturer CMV5AGNF layout
minor-2020-Salmonella-species-unspecified-Sheep-COL,CMV5AGNF-COL,2,0,false,ceiling,2020-Salmonella-species-unspecified-Sheep,COL,FDA NARMS 2020-2022 minor species,https://www.fda.gov/media/183419/download?attachment=; frozen cohort minor-2020-Salmonella-species-unspecified-Sheep-COL,Observed categories; ceiling summaries derived by reporting-audit,Dessai et al. 2024 p.22; manufacturer CMV5AGNF layout
minor-2020-Salmonella-species-unspecified-Sheep-COL,CMV5AGNF-COL,4,0,false,ceiling,2020-Salmonella-species-unspecified-Sheep,COL,FDA NARMS 2020-2022 minor species,https://www.fda.gov/media/183419/download?attachment=; frozen cohort minor-2020-Salmonella-species-unspecified-Sheep-COL,Observed categories; ceiling summaries derived by reporting-audit,Dessai et al. 2024 p.22; manufacturer CMV5AGNF layout
minor-2020-Salmonella-species-unspecified-Sheep-COL,CMV5AGNF-COL,8,0,false,ceiling,2020-Salmonella-species-unspecified-Sheep,COL,FDA NARMS 2020-2022 minor species,https://www.fda.gov/media/183419/download?attachment=; frozen cohort minor-2020-Salmonella-species-unspecified-Sheep-COL,Observed categories; ceiling summaries derived by reporting-audit,Dessai et al. 2024 p.22; manufacturer CMV5AGNF layout
minor-2020-Salmonella-species-unspecified-Sheep-COL,CMV5AGNF-COL,>8,0,false,ceiling,2020-Salmonella-species-unspecified-Sheep,COL,FDA NARMS 2020-2022 minor species,https://www.fda.gov/media/183419/download?attachment=; frozen cohort minor-2020-Salmonella-species-unspecified-Sheep-COL,Observed categories; ceiling summaries derived by reporting-audit,Dessai et al. 2024 p.22; manufacturer CMV5AGNF layout
minor-2020-Salmonella-species-unspecified-Sheep-FIS,CMV5AGNF-FIS,<=16,20,false,ceiling,2020-Salmonella-species-unspecified-Sheep,FIS,FDA NARMS 2020-2022 minor species,https://www.fda.gov/media/183419/download?attachment=; frozen cohort minor-2020-Salmonella-species-unspecified-Sheep-FIS,Observed categories; ceiling summaries derived by reporting-audit,Dessai et al. 2024 p.22; manufacturer CMV5AGNF layout
minor-2020-Salmonella-species-unspecified-Sheep-FIS,CMV5AGNF-FIS,32,5,false,ceiling,2020-Salmonella-species-unspecified-Sheep,FIS,FDA NARMS 2020-2022 minor species,https://www.fda.gov/media/183419/download?attachment=; frozen cohort minor-2020-Salmonella-species-unspecified-Sheep-FIS,Observed categories; ceiling summaries derived by reporting-audit,Dessai et al. 2024 p.22; manufacturer CMV5AGNF layout
minor-2020-Salmonella-species-unspecified-Sheep-FIS,CMV5AGNF-FIS,64,0,false,ceiling,2020-Salmonella-species-unspecified-Sheep,FIS,FDA NARMS 2020-2022 minor species,https://www.fda.gov/media/183419/download?attachment=; frozen cohort minor-2020-Salmonella-species-unspecified-Sheep-FIS,Observed categories; ceiling summaries derived by reporting-audit,Dessai et al. 2024 p.22; manufacturer CMV5AGNF layout
minor-2020-Salmonella-species-unspecified-Sheep-FIS,CMV5AGNF-FIS,128,0,false,ceiling,2020-Salmonella-species-unspecified-Sheep,FIS,FDA NARMS 2020-2022 minor species,https://www.fda.gov/media/183419/download?attachment=; frozen cohort minor-2020-Salmonella-species-unspecified-Sheep-FIS,Observed categories; ceiling summaries derived by reporting-audit,Dessai et al. 2024 p.22; manufacturer CMV5AGNF layout
minor-2020-Salmonella-species-unspecified-Sheep-FIS,CMV5AGNF-FIS,256,0,false,ceiling,2020-Salmonella-species-unspecified-Sheep,FIS,FDA NARMS 2020-2022 minor species,https://www.fda.gov/media/183419/download?attachment=; frozen cohort minor-2020-Salmonella-species-unspecified-Sheep-FIS,Observed categories; ceiling summaries derived by reporting-audit,Dessai et al. 2024 p.22; manufacturer CMV5AGNF layout
minor-2020-Salmonella-species-unspecified-Sheep-FIS,CMV5AGNF-FIS,>256,1,false,ceiling,2020-Salmonella-species-unspecified-Sheep,FIS,FDA NARMS 2020-2022 minor species,https://www.fda.gov/media/183419/download?attachment=; frozen cohort minor-2020-Salmonella-species-unspecified-Sheep-FIS,Observed categories; ceiling summaries derived by reporting-audit,Dessai et al. 2024 p.22; manufacturer CMV5AGNF layout
minor-2020-Salmonella-species-unspecified-Sheep-FOX,CMV5AGNF-FOX,<=1,0,false,ceiling,2020-Salmonella-species-unspecified-Sheep,FOX,FDA NARMS 2020-2022 minor species,https://www.fda.gov/media/183419/download?attachment=; frozen cohort minor-2020-Salmonella-species-unspecified-Sheep-FOX,Observed categories; ceiling summaries derived by reporting-audit,Dessai et al. 2024 p.22; manufacturer CMV5AGNF layout
minor-2020-Salmonella-species-unspecified-Sheep-FOX,CMV5AGNF-FOX,2,9,false,ceiling,2020-Salmonella-species-unspecified-Sheep,FOX,FDA NARMS 2020-2022 minor species,https://www.fda.gov/media/183419/download?attachment=; frozen cohort minor-2020-Salmonella-species-unspecified-Sheep-FOX,Observed categories; ceiling summaries derived by reporting-audit,Dessai et al. 2024 p.22; manufacturer CMV5AGNF layout
minor-2020-Salmonella-species-unspecified-Sheep-FOX,CMV5AGNF-FOX,4,13,false,ceiling,2020-Salmonella-species-unspecified-Sheep,FOX,FDA NARMS 2020-2022 minor species,https://www.fda.gov/media/183419/download?attachment=; frozen cohort minor-2020-Salmonella-species-unspecified-Sheep-FOX,Observed categories; ceiling summaries derived by reporting-audit,Dessai et al. 2024 p.22; manufacturer CMV5AGNF layout
minor-2020-Salmonella-species-unspecified-Sheep-FOX,CMV5AGNF-FOX,8,3,false,ceiling,2020-Salmonella-species-unspecified-Sheep,FOX,FDA NARMS 2020-2022 minor species,https://www.fda.gov/media/183419/download?attachment=; frozen cohort minor-2020-Salmonella-species-unspecified-Sheep-FOX,Observed categories; ceiling summaries derived by reporting-audit,Dessai et al. 2024 p.22; manufacturer CMV5AGNF layout
minor-2020-Salmonella-species-unspecified-Sheep-FOX,CMV5AGNF-FOX,16,1,false,ceiling,2020-Salmonella-species-unspecified-Sheep,FOX,FDA NARMS 2020-2022 minor species,https://www.fda.gov/media/183419/download?attachment=; frozen cohort minor-2020-Salmonella-species-unspecified-Sheep-FOX,Observed categories; ceiling summaries derived by reporting-audit,Dessai et al. 2024 p.22; manufacturer CMV5AGNF layout
minor-2020-Salmonella-species-unspecified-Sheep-FOX,CMV5AGNF-FOX,32,0,false,ceiling,2020-Salmonella-species-unspecified-Sheep,FOX,FDA NARMS 2020-2022 minor species,https://www.fda.gov/media/183419/download?attachment=; frozen cohort minor-2020-Salmonella-species-unspecified-Sheep-FOX,Observed categories; ceiling summaries derived by reporting-audit,Dessai et al. 2024 p.22; manufacturer CMV5AGNF layout
minor-2020-Salmonella-species-unspecified-Sheep-FOX,CMV5AGNF-FOX,>32,0,false,ceiling,2020-Salmonella-species-unspecified-Sheep,FOX,FDA NARMS 2020-2022 minor species,https://www.fda.gov/media/183419/download?attachment=; frozen cohort minor-2020-Salmonella-species-unspecified-Sheep-FOX,Observed categories; ceiling summaries derived by reporting-audit,Dessai et al. 2024 p.22; manufacturer CMV5AGNF layout
minor-2020-Salmonella-species-unspecified-Sheep-GEN,CMV5AGNF-GEN,<=0.25,13,false,ceiling,2020-Salmonella-species-unspecified-Sheep,GEN,FDA NARMS 2020-2022 minor species,https://www.fda.gov/media/183419/download?attachment=; frozen cohort minor-2020-Salmonella-species-unspecified-Sheep-GEN,Observed categories; ceiling summaries derived by reporting-audit,Dessai et al. 2024 p.22; manufacturer CMV5AGNF layout
minor-2020-Salmonella-species-unspecified-Sheep-GEN,CMV5AGNF-GEN,0.5,11,false,ceiling,2020-Salmonella-species-unspecified-Sheep,GEN,FDA NARMS 2020-2022 minor species,https://www.fda.gov/media/183419/download?attachment=; frozen cohort minor-2020-Salmonella-species-unspecified-Sheep-GEN,Observed categories; ceiling summaries derived by reporting-audit,Dessai et al. 2024 p.22; manufacturer CMV5AGNF layout
minor-2020-Salmonella-species-unspecified-Sheep-GEN,CMV5AGNF-GEN,1,2,false,ceiling,2020-Salmonella-species-unspecified-Sheep,GEN,FDA NARMS 2020-2022 minor species,https://www.fda.gov/media/183419/download?attachment=; frozen cohort minor-2020-Salmonella-species-unspecified-Sheep-GEN,Observed categories; ceiling summaries derived by reporting-audit,Dessai et al. 2024 p.22; manufacturer CMV5AGNF layout
minor-2020-Salmonella-species-unspecified-Sheep-GEN,CMV5AGNF-GEN,2,0,false,ceiling,2020-Salmonella-species-unspecified-Sheep,GEN,FDA NARMS 2020-2022 minor species,https://www.fda.gov/media/183419/download?attachment=; frozen cohort minor-2020-Salmonella-species-unspecified-Sheep-GEN,Observed categories; ceiling summaries derived by reporting-audit,Dessai et al. 2024 p.22; manufacturer CMV5AGNF layout
minor-2020-Salmonella-species-unspecified-Sheep-GEN,CMV5AGNF-GEN,4,0,false,ceiling,2020-Salmonella-species-unspecified-Sheep,GEN,FDA NARMS 2020-2022 minor species,https://www.fda.gov/media/183419/download?attachment=; frozen cohort minor-2020-Salmonella-species-unspecified-Sheep-GEN,Observed categories; ceiling summaries derived by reporting-audit,Dessai et al. 2024 p.22; manufacturer CMV5AGNF layout
minor-2020-Salmonella-species-unspecified-Sheep-GEN,CMV5AGNF-GEN,8,0,false,ceiling,2020-Salmonella-species-unspecified-Sheep,GEN,FDA NARMS 2020-2022 minor species,https://www.fda.gov/media/183419/download?attachment=; frozen cohort minor-2020-Salmonella-species-unspecified-Sheep-GEN,Observed categories; ceiling summaries derived by reporting-audit,Dessai et al. 2024 p.22; manufacturer CMV5AGNF layout
minor-2020-Salmonella-species-unspecified-Sheep-GEN,CMV5AGNF-GEN,16,0,false,ceiling,2020-Salmonella-species-unspecified-Sheep,GEN,FDA NARMS 2020-2022 minor species,https://www.fda.gov/media/183419/download?attachment=; frozen cohort minor-2020-Salmonella-species-unspecified-Sheep-GEN,Observed categories; ceiling summaries derived by reporting-audit,Dessai et al. 2024 p.22; manufacturer CMV5AGNF layout
minor-2020-Salmonella-species-unspecified-Sheep-GEN,CMV5AGNF-GEN,>16,0,false,ceiling,2020-Salmonella-species-unspecified-Sheep,GEN,FDA NARMS 2020-2022 minor species,https://www.fda.gov/media/183419/download?attachment=; frozen cohort minor-2020-Salmonella-species-unspecified-Sheep-GEN,Observed categories; ceiling summaries derived by reporting-audit,Dessai et al. 2024 p.22; manufacturer CMV5AGNF layout
minor-2020-Salmonella-species-unspecified-Sheep-NAL,CMV5AGNF-NAL,<=0.5,0,false,ceiling,2020-Salmonella-species-unspecified-Sheep,NAL,FDA NARMS 2020-2022 minor species,https://www.fda.gov/media/183419/download?attachment=; frozen cohort minor-2020-Salmonella-species-unspecified-Sheep-NAL,Observed categories; ceiling summaries derived by reporting-audit,Dessai et al. 2024 p.22; manufacturer CMV5AGNF layout
minor-2020-Salmonella-species-unspecified-Sheep-NAL,CMV5AGNF-NAL,1,0,false,ceiling,2020-Salmonella-species-unspecified-Sheep,NAL,FDA NARMS 2020-2022 minor species,https://www.fda.gov/media/183419/download?attachment=; frozen cohort minor-2020-Salmonella-species-unspecified-Sheep-NAL,Observed categories; ceiling summaries derived by reporting-audit,Dessai et al. 2024 p.22; manufacturer CMV5AGNF layout
minor-2020-Salmonella-species-unspecified-Sheep-NAL,CMV5AGNF-NAL,2,15,false,ceiling,2020-Salmonella-species-unspecified-Sheep,NAL,FDA NARMS 2020-2022 minor species,https://www.fda.gov/media/183419/download?attachment=; frozen cohort minor-2020-Salmonella-species-unspecified-Sheep-NAL,Observed categories; ceiling summaries derived by reporting-audit,Dessai et al. 2024 p.22; manufacturer CMV5AGNF layout
minor-2020-Salmonella-species-unspecified-Sheep-NAL,CMV5AGNF-NAL,4,11,false,ceiling,2020-Salmonella-species-unspecified-Sheep,NAL,FDA NARMS 2020-2022 minor species,https://www.fda.gov/media/183419/download?attachment=; frozen cohort minor-2020-Salmonella-species-unspecified-Sheep-NAL,Observed categories; ceiling summaries derived by reporting-audit,Dessai et al. 2024 p.22; manufacturer CMV5AGNF layout
minor-2020-Salmonella-species-unspecified-Sheep-NAL,CMV5AGNF-NAL,8,0,false,ceiling,2020-Salmonella-species-unspecified-Sheep,NAL,FDA NARMS 2020-2022 minor species,https://www.fda.gov/media/183419/download?attachment=; frozen cohort minor-2020-Salmonella-species-unspecified-Sheep-NAL,Observed categories; ceiling summaries derived by reporting-audit,Dessai et al. 2024 p.22; manufacturer CMV5AGNF layout
minor-2020-Salmonella-species-unspecified-Sheep-NAL,CMV5AGNF-NAL,16,0,false,ceiling,2020-Salmonella-species-unspecified-Sheep,NAL,FDA NARMS 2020-2022 minor species,https://www.fda.gov/media/183419/download?attachment=; frozen cohort minor-2020-Salmonella-species-unspecified-Sheep-NAL,Observed categories; ceiling summaries derived by reporting-audit,Dessai et al. 2024 p.22; manufacturer CMV5AGNF layout
minor-2020-Salmonella-species-unspecified-Sheep-NAL,CMV5AGNF-NAL,32,0,false,ceiling,2020-Salmonella-species-unspecified-Sheep,NAL,FDA NARMS 2020-2022 minor species,https://www.fda.gov/media/183419/download?attachment=; frozen cohort minor-2020-Salmonella-species-unspecified-Sheep-NAL,Observed categories; ceiling summaries derived by reporting-audit,Dessai et al. 2024 p.22; manufacturer CMV5AGNF layout
minor-2020-Salmonella-species-unspecified-Sheep-NAL,CMV5AGNF-NAL,>32,0,false,ceiling,2020-Salmonella-species-unspecified-Sheep,NAL,FDA NARMS 2020-2022 minor species,https://www.fda.gov/media/183419/download?attachment=; frozen cohort minor-2020-Salmonella-species-unspecified-Sheep-NAL,Observed categories; ceiling summaries derived by reporting-audit,Dessai et al. 2024 p.22; manufacturer CMV5AGNF layout
minor-2020-Salmonella-species-unspecified-Sheep-TET,CMV5AGNF-TET,<=4,24,false,ceiling,2020-Salmonella-species-unspecified-Sheep,TET,FDA NARMS 2020-2022 minor species,https://www.fda.gov/media/183419/download?attachment=; frozen cohort minor-2020-Salmonella-species-unspecified-Sheep-TET,Observed categories; ceiling summaries derived by reporting-audit,Dessai et al. 2024 p.22; manufacturer CMV5AGNF layout
minor-2020-Salmonella-species-unspecified-Sheep-TET,CMV5AGNF-TET,8,0,false,ceiling,2020-Salmonella-species-unspecified-Sheep,TET,FDA NARMS 2020-2022 minor species,https://www.fda.gov/media/183419/download?attachment=; frozen cohort minor-2020-Salmonella-species-unspecified-Sheep-TET,Observed categories; ceiling summaries derived by reporting-audit,Dessai et al. 2024 p.22; manufacturer CMV5AGNF layout
minor-2020-Salmonella-species-unspecified-Sheep-TET,CMV5AGNF-TET,16,0,false,ceiling,2020-Salmonella-species-unspecified-Sheep,TET,FDA NARMS 2020-2022 minor species,https://www.fda.gov/media/183419/download?attachment=; frozen cohort minor-2020-Salmonella-species-unspecified-Sheep-TET,Observed categories; ceiling summaries derived by reporting-audit,Dessai et al. 2024 p.22; manufacturer CMV5AGNF layout
minor-2020-Salmonella-species-unspecified-Sheep-TET,CMV5AGNF-TET,32,0,false,ceiling,2020-Salmonella-species-unspecified-Sheep,TET,FDA NARMS 2020-2022 minor species,https://www.fda.gov/media/183419/download?attachment=; frozen cohort minor-2020-Salmonella-species-unspecified-Sheep-TET,Observed categories; ceiling summaries derived by reporting-audit,Dessai et al. 2024 p.22; manufacturer CMV5AGNF layout
minor-2020-Salmonella-species-unspecified-Sheep-TET,CMV5AGNF-TET,>32,2,false,ceiling,2020-Salmonella-species-unspecified-Sheep,TET,FDA NARMS 2020-2022 minor species,https://www.fda.gov/media/183419/download?attachment=; frozen cohort minor-2020-Salmonella-species-unspecified-Sheep-TET,Observed categories; ceiling summaries derived by reporting-audit,Dessai et al. 2024 p.22; manufacturer CMV5AGNF layout
minor-2021-Escherichia-coli-Goats-AMP,CMV5AGNF-AMP,<=1,0,false,ceiling,2021-Escherichia-coli-Goats,AMP,FDA NARMS 2020-2022 minor species,https://www.fda.gov/media/183419/download?attachment=; frozen cohort minor-2021-Escherichia-coli-Goats-AMP,Observed categories; ceiling summaries derived by reporting-audit,Dessai et al. 2024 p.22; manufacturer CMV5AGNF layout
minor-2021-Escherichia-coli-Goats-AMP,CMV5AGNF-AMP,2,1,false,ceiling,2021-Escherichia-coli-Goats,AMP,FDA NARMS 2020-2022 minor species,https://www.fda.gov/media/183419/download?attachment=; frozen cohort minor-2021-Escherichia-coli-Goats-AMP,Observed categories; ceiling summaries derived by reporting-audit,Dessai et al. 2024 p.22; manufacturer CMV5AGNF layout
minor-2021-Escherichia-coli-Goats-AMP,CMV5AGNF-AMP,4,4,false,ceiling,2021-Escherichia-coli-Goats,AMP,FDA NARMS 2020-2022 minor species,https://www.fda.gov/media/183419/download?attachment=; frozen cohort minor-2021-Escherichia-coli-Goats-AMP,Observed categories; ceiling summaries derived by reporting-audit,Dessai et al. 2024 p.22; manufacturer CMV5AGNF layout
minor-2021-Escherichia-coli-Goats-AMP,CMV5AGNF-AMP,8,0,false,ceiling,2021-Escherichia-coli-Goats,AMP,FDA NARMS 2020-2022 minor species,https://www.fda.gov/media/183419/download?attachment=; frozen cohort minor-2021-Escherichia-coli-Goats-AMP,Observed categories; ceiling summaries derived by reporting-audit,Dessai et al. 2024 p.22; manufacturer CMV5AGNF layout
minor-2021-Escherichia-coli-Goats-AMP,CMV5AGNF-AMP,16,0,false,ceiling,2021-Escherichia-coli-Goats,AMP,FDA NARMS 2020-2022 minor species,https://www.fda.gov/media/183419/download?attachment=; frozen cohort minor-2021-Escherichia-coli-Goats-AMP,Observed categories; ceiling summaries derived by reporting-audit,Dessai et al. 2024 p.22; manufacturer CMV5AGNF layout
minor-2021-Escherichia-coli-Goats-AMP,CMV5AGNF-AMP,32,0,false,ceiling,2021-Escherichia-coli-Goats,AMP,FDA NARMS 2020-2022 minor species,https://www.fda.gov/media/183419/download?attachment=; frozen cohort minor-2021-Escherichia-coli-Goats-AMP,Observed categories; ceiling summaries derived by reporting-audit,Dessai et al. 2024 p.22; manufacturer CMV5AGNF layout
minor-2021-Escherichia-coli-Goats-AMP,CMV5AGNF-AMP,>32,1,false,ceiling,2021-Escherichia-coli-Goats,AMP,FDA NARMS 2020-2022 minor species,https://www.fda.gov/media/183419/download?attachment=; frozen cohort minor-2021-Escherichia-coli-Goats-AMP,Observed categories; ceiling summaries derived by reporting-audit,Dessai et al. 2024 p.22; manufacturer CMV5AGNF layout
minor-2021-Escherichia-coli-Goats-AXO,CMV5AGNF-AXO,<=0.25,6,false,ceiling,2021-Escherichia-coli-Goats,AXO,FDA NARMS 2020-2022 minor species,https://www.fda.gov/media/183419/download?attachment=; frozen cohort minor-2021-Escherichia-coli-Goats-AXO,Observed categories; ceiling summaries derived by reporting-audit,Dessai et al. 2024 p.22; manufacturer CMV5AGNF layout
minor-2021-Escherichia-coli-Goats-AXO,CMV5AGNF-AXO,0.5,0,false,ceiling,2021-Escherichia-coli-Goats,AXO,FDA NARMS 2020-2022 minor species,https://www.fda.gov/media/183419/download?attachment=; frozen cohort minor-2021-Escherichia-coli-Goats-AXO,Observed categories; ceiling summaries derived by reporting-audit,Dessai et al. 2024 p.22; manufacturer CMV5AGNF layout
minor-2021-Escherichia-coli-Goats-AXO,CMV5AGNF-AXO,1,0,false,ceiling,2021-Escherichia-coli-Goats,AXO,FDA NARMS 2020-2022 minor species,https://www.fda.gov/media/183419/download?attachment=; frozen cohort minor-2021-Escherichia-coli-Goats-AXO,Observed categories; ceiling summaries derived by reporting-audit,Dessai et al. 2024 p.22; manufacturer CMV5AGNF layout
minor-2021-Escherichia-coli-Goats-AXO,CMV5AGNF-AXO,2,0,false,ceiling,2021-Escherichia-coli-Goats,AXO,FDA NARMS 2020-2022 minor species,https://www.fda.gov/media/183419/download?attachment=; frozen cohort minor-2021-Escherichia-coli-Goats-AXO,Observed categories; ceiling summaries derived by reporting-audit,Dessai et al. 2024 p.22; manufacturer CMV5AGNF layout
minor-2021-Escherichia-coli-Goats-AXO,CMV5AGNF-AXO,4,0,false,ceiling,2021-Escherichia-coli-Goats,AXO,FDA NARMS 2020-2022 minor species,https://www.fda.gov/media/183419/download?attachment=; frozen cohort minor-2021-Escherichia-coli-Goats-AXO,Observed categories; ceiling summaries derived by reporting-audit,Dessai et al. 2024 p.22; manufacturer CMV5AGNF layout
minor-2021-Escherichia-coli-Goats-AXO,CMV5AGNF-AXO,8,0,false,ceiling,2021-Escherichia-coli-Goats,AXO,FDA NARMS 2020-2022 minor species,https://www.fda.gov/media/183419/download?attachment=; frozen cohort minor-2021-Escherichia-coli-Goats-AXO,Observed categories; ceiling summaries derived by reporting-audit,Dessai et al. 2024 p.22; manufacturer CMV5AGNF layout
minor-2021-Escherichia-coli-Goats-AXO,CMV5AGNF-AXO,16,0,false,ceiling,2021-Escherichia-coli-Goats,AXO,FDA NARMS 2020-2022 minor species,https://www.fda.gov/media/183419/download?attachment=; frozen cohort minor-2021-Escherichia-coli-Goats-AXO,Observed categories; ceiling summaries derived by reporting-audit,Dessai et al. 2024 p.22; manufacturer CMV5AGNF layout
minor-2021-Escherichia-coli-Goats-AXO,CMV5AGNF-AXO,32,0,false,ceiling,2021-Escherichia-coli-Goats,AXO,FDA NARMS 2020-2022 minor species,https://www.fda.gov/media/183419/download?attachment=; frozen cohort minor-2021-Escherichia-coli-Goats-AXO,Observed categories; ceiling summaries derived by reporting-audit,Dessai et al. 2024 p.22; manufacturer CMV5AGNF layout
minor-2021-Escherichia-coli-Goats-AXO,CMV5AGNF-AXO,64,0,false,ceiling,2021-Escherichia-coli-Goats,AXO,FDA NARMS 2020-2022 minor species,https://www.fda.gov/media/183419/download?attachment=; frozen cohort minor-2021-Escherichia-coli-Goats-AXO,Observed categories; ceiling summaries derived by reporting-audit,Dessai et al. 2024 p.22; manufacturer CMV5AGNF layout
minor-2021-Escherichia-coli-Goats-AXO,CMV5AGNF-AXO,>64,0,false,ceiling,2021-Escherichia-coli-Goats,AXO,FDA NARMS 2020-2022 minor species,https://www.fda.gov/media/183419/download?attachment=; frozen cohort minor-2021-Escherichia-coli-Goats-AXO,Observed categories; ceiling summaries derived by reporting-audit,Dessai et al. 2024 p.22; manufacturer CMV5AGNF layout
